cement,slag,fly_ash,water,superplasticizer,coarse_aggregate,fine_aggregate,age,compressive_strength,w_c_ratio,log_age,w_c_ratio_bin
540.0,0.0,0.0,162.0,2.5,1040.0,676.0,28,79.98611076,0.3,3.332204510175204,0
540.0,0.0,0.0,162.0,2.5,1055.0,676.0,28,61.88736576,0.3,3.332204510175204,0
332.5,142.5,0.0,228.0,0.0,932.0,594.0,270,40.269535256000005,0.6857142857142857,5.598421958998375,5
332.5,142.5,0.0,228.0,0.0,932.0,594.0,365,41.052779992,0.6857142857142857,5.899897353582492,5
198.6,132.4,0.0,192.0,0.0,978.4,825.5,360,44.296075096,0.9667673716012084,5.886104031450156,7
266.0,114.0,0.0,228.0,0.0,932.0,670.0,90,47.029847436,0.8571428571428571,4.499809670330265,7
380.0,95.0,0.0,228.0,0.0,932.0,594.0,365,43.698299404,0.6,5.899897353582492,3
380.0,95.0,0.0,228.0,0.0,932.0,594.0,28,36.447769788,0.6,3.332204510175204,3
266.0,114.0,0.0,228.0,0.0,932.0,670.0,28,45.854290856,0.8571428571428571,3.332204510175204,7
475.0,0.0,0.0,228.0,0.0,932.0,594.0,28,39.28978986,0.48,3.332204510175204,1
198.6,132.4,0.0,192.0,0.0,978.4,825.5,90,38.074243672,0.9667673716012084,4.499809670330265,7
198.6,132.4,0.0,192.0,0.0,978.4,825.5,28,28.021683592,0.9667673716012084,3.332204510175204,7
427.5,47.5,0.0,228.0,0.0,932.0,594.0,270,43.01296026,0.5333333333333333,5.598421958998375,2
190.0,190.0,0.0,228.0,0.0,932.0,670.0,90,42.32693164,1.2,4.499809670330265,8
304.0,76.0,0.0,228.0,0.0,932.0,670.0,28,47.813781648,0.75,3.332204510175204,5
380.0,0.0,0.0,228.0,0.0,932.0,670.0,90,52.908319812,0.6,4.499809670330265,3
139.6,209.4,0.0,192.0,0.0,1047.0,806.9,90,39.358047984,1.375358166189112,4.499809670330265,9
342.0,38.0,0.0,228.0,0.0,932.0,670.0,365,56.141962252,0.6666666666666666,5.899897353582492,4
380.0,95.0,0.0,228.0,0.0,932.0,594.0,90,40.563252032,0.6,4.499809670330265,3
475.0,0.0,0.0,228.0,0.0,932.0,594.0,180,42.620648416,0.48,5.19295685089021,1
427.5,47.5,0.0,228.0,0.0,932.0,594.0,180,41.836714204,0.5333333333333333,5.19295685089021,2
139.6,209.4,0.0,192.0,0.0,1047.0,806.9,28,28.23748958,1.375358166189112,3.332204510175204,9
139.6,209.4,0.0,192.0,0.0,1047.0,806.9,3,8.06342182,1.375358166189112,1.0986122886681098,9
139.6,209.4,0.0,192.0,0.0,1047.0,806.9,180,44.207822168,1.375358166189112,5.19295685089021,9
380.0,0.0,0.0,228.0,0.0,932.0,670.0,365,52.516697444,0.6,5.899897353582492,3
380.0,0.0,0.0,228.0,0.0,932.0,670.0,270,53.300631656,0.6,5.598421958998375,3
380.0,95.0,0.0,228.0,0.0,932.0,594.0,270,41.15137506,0.6,5.598421958998375,3
342.0,38.0,0.0,228.0,0.0,932.0,670.0,180,52.1243856,0.6666666666666666,5.19295685089021,4
427.5,47.5,0.0,228.0,0.0,932.0,594.0,28,37.427515184,0.5333333333333333,3.332204510175204,2
475.0,0.0,0.0,228.0,0.0,932.0,594.0,7,38.60376124,0.48,1.9459101490553128,1
304.0,76.0,0.0,228.0,0.0,932.0,670.0,365,55.260122448,0.75,5.899897353582492,5
266.0,114.0,0.0,228.0,0.0,932.0,670.0,365,52.908319812,0.8571428571428571,5.899897353582492,7
198.6,132.4,0.0,192.0,0.0,978.4,825.5,180,41.719503284,0.9667673716012084,5.19295685089021,7
475.0,0.0,0.0,228.0,0.0,932.0,594.0,270,42.131120456,0.48,5.598421958998375,1
190.0,190.0,0.0,228.0,0.0,932.0,670.0,365,53.69225402399999,1.2,5.899897353582492,8
237.5,237.5,0.0,228.0,0.0,932.0,594.0,270,38.407950056,0.96,5.598421958998375,7
237.5,237.5,0.0,228.0,0.0,932.0,594.0,28,30.079769452,0.96,3.332204510175204,7
332.5,142.5,0.0,228.0,0.0,932.0,594.0,90,37.721921436,0.6857142857142857,4.499809670330265,5
475.0,0.0,0.0,228.0,0.0,932.0,594.0,90,42.229026048,0.48,4.499809670330265,1
237.5,237.5,0.0,228.0,0.0,932.0,594.0,180,36.251958604,0.96,5.19295685089021,7
342.0,38.0,0.0,228.0,0.0,932.0,670.0,90,50.45930106,0.6666666666666666,4.499809670330265,4
427.5,47.5,0.0,228.0,0.0,932.0,594.0,365,43.698299404,0.5333333333333333,5.899897353582492,2
237.5,237.5,0.0,228.0,0.0,932.0,594.0,365,38.995383608,0.96,5.899897353582492,7
380.0,0.0,0.0,228.0,0.0,932.0,670.0,180,53.104130996,0.6,5.19295685089021,3
427.5,47.5,0.0,228.0,0.0,932.0,594.0,90,41.542997428,0.5333333333333333,4.499809670330265,2
427.5,47.5,0.0,228.0,0.0,932.0,594.0,7,35.076402024,0.5333333333333333,1.9459101490553128,2
349.0,0.0,0.0,192.0,0.0,1047.0,806.9,3,15.049192652,0.5501432664756447,1.0986122886681098,2
380.0,95.0,0.0,228.0,0.0,932.0,594.0,180,40.759063216,0.6,5.19295685089021,3
237.5,237.5,0.0,228.0,0.0,932.0,594.0,7,26.258003984,0.96,1.9459101490553128,7
380.0,95.0,0.0,228.0,0.0,932.0,594.0,7,32.823194456,0.6,1.9459101490553128,3
332.5,142.5,0.0,228.0,0.0,932.0,594.0,180,39.77931782,0.6857142857142857,5.19295685089021,5
190.0,190.0,0.0,228.0,0.0,932.0,670.0,180,46.931941844,1.2,5.19295685089021,8
237.5,237.5,0.0,228.0,0.0,932.0,594.0,90,33.116911232,0.96,4.499809670330265,7
304.0,76.0,0.0,228.0,0.0,932.0,670.0,90,49.185149412,0.75,4.499809670330265,5
139.6,209.4,0.0,192.0,0.0,1047.0,806.9,7,14.58931216,1.375358166189112,1.9459101490553128,9
198.6,132.4,0.0,192.0,0.0,978.4,825.5,7,14.638264956,0.9667673716012084,1.9459101490553128,7
475.0,0.0,0.0,228.0,0.0,932.0,594.0,365,41.934619796,0.48,5.899897353582492,1
198.6,132.4,0.0,192.0,0.0,978.4,825.5,3,9.131420144,0.9667673716012084,1.0986122886681098,7
304.0,76.0,0.0,228.0,0.0,932.0,670.0,180,50.94882902,0.75,5.19295685089021,5
332.5,142.5,0.0,228.0,0.0,932.0,594.0,28,33.01900564,0.6857142857142857,3.332204510175204,5
304.0,76.0,0.0,228.0,0.0,932.0,670.0,270,54.378282644,0.75,5.598421958998375,5
266.0,114.0,0.0,228.0,0.0,932.0,670.0,270,51.732763232,0.8571428571428571,5.598421958998375,7
310.0,0.0,0.0,192.0,0.0,971.0,850.6,3,9.86640156,0.6193548387096774,1.0986122886681098,4
190.0,190.0,0.0,228.0,0.0,932.0,670.0,270,50.655112244,1.2,5.598421958998375,8
266.0,114.0,0.0,228.0,0.0,932.0,670.0,180,48.695621452,0.8571428571428571,5.19295685089021,7
342.0,38.0,0.0,228.0,0.0,932.0,670.0,270,55.064311264,0.6666666666666666,5.598421958998375,4
139.6,209.4,0.0,192.0,0.0,1047.0,806.9,360,44.698039604,1.375358166189112,5.886104031450156,9
332.5,142.5,0.0,228.0,0.0,932.0,594.0,7,30.275580636,0.6857142857142857,1.9459101490553128,5
190.0,190.0,0.0,228.0,0.0,932.0,670.0,28,40.856968808,1.2,3.332204510175204,8
485.0,0.0,0.0,146.0,0.0,1120.0,800.0,28,71.98818916,0.3010309278350515,3.332204510175204,0
374.0,189.2,0.0,170.1,10.1,926.1,756.7,3,34.39795764,0.4548128342245989,1.0986122886681098,1
313.3,262.2,0.0,175.5,8.6,1046.9,611.8,3,28.79941252,0.5601659751037344,1.0986122886681098,2
425.0,106.3,0.0,153.5,16.5,852.1,887.1,3,33.39821744,0.3611764705882353,1.0986122886681098,0
425.0,106.3,0.0,151.4,18.6,936.0,803.7,3,36.3009114,0.3562352941176471,1.0986122886681098,0
375.0,93.8,0.0,126.6,23.4,852.1,992.6,3,28.99936056,0.3376,1.0986122886681098,0
475.0,118.8,0.0,181.1,8.9,852.1,781.5,3,37.79707432,0.3812631578947368,1.0986122886681098,0
469.0,117.2,0.0,137.8,32.2,852.1,840.5,3,40.1964508,0.293816631130064,1.0986122886681098,0
425.0,106.3,0.0,153.5,16.5,852.1,887.1,3,33.39821744,0.3611764705882353,1.0986122886681098,0
388.6,97.1,0.0,157.9,12.1,852.1,925.7,3,28.096147,0.4063304168811116,1.0986122886681098,1
531.3,0.0,0.0,141.8,28.2,852.1,893.7,3,41.2996124,0.266892527762093,1.0986122886681098,0
425.0,106.3,0.0,153.5,16.5,852.1,887.1,3,33.39821744,0.3611764705882353,1.0986122886681098,0
318.8,212.5,0.0,155.7,14.3,852.1,880.4,3,25.2003478,0.4883939774153073,1.0986122886681098,2
401.8,94.7,0.0,147.4,11.4,946.8,852.1,3,41.09966436,0.3668491786958686,1.0986122886681098,0
362.6,189.0,0.0,164.9,11.6,944.7,755.8,3,35.3011712,0.4547710976282405,1.0986122886681098,1
323.7,282.8,0.0,183.8,10.3,942.7,659.9,3,28.29609504,0.5678097003398209,1.0986122886681098,2
379.5,151.2,0.0,153.9,15.9,1134.3,605.0,3,28.59946448,0.4055335968379446,1.0986122886681098,1
362.6,189.0,0.0,164.9,11.6,944.7,755.8,3,35.3011712,0.4547710976282405,1.0986122886681098,1
286.3,200.9,0.0,144.7,11.2,1004.6,803.7,3,24.40055564,0.505413901501921,1.0986122886681098,2
362.6,189.0,0.0,164.9,11.6,944.7,755.8,3,35.3011712,0.4547710976282405,1.0986122886681098,1
439.0,177.0,0.0,186.0,11.1,884.9,707.9,3,39.300132,0.4236902050113895,1.0986122886681098,1
389.9,189.0,0.0,145.9,22.0,944.7,755.8,3,40.59634688,0.3741985124390869,1.0986122886681098,0
362.6,189.0,0.0,164.9,11.6,944.7,755.8,3,35.3011712,0.4547710976282405,1.0986122886681098,1
337.9,189.0,0.0,174.9,9.5,944.7,755.8,3,24.0971862,0.5176087599881622,1.0986122886681098,2
374.0,189.2,0.0,170.1,10.1,926.1,756.7,7,46.20178676,0.4548128342245989,1.9459101490553128,1
313.3,262.2,0.0,175.5,8.6,1046.9,611.8,7,42.79577532,0.5601659751037344,1.9459101490553128,2
425.0,106.3,0.0,153.5,16.5,852.1,887.1,7,49.20100736,0.3611764705882353,1.9459101490553128,0
425.0,106.3,0.0,151.4,18.6,936.0,803.7,7,46.80163088,0.3562352941176471,1.9459101490553128,0
375.0,93.8,0.0,126.6,23.4,852.1,992.6,7,45.69846928,0.3376,1.9459101490553128,0
475.0,118.8,0.0,181.1,8.9,852.1,781.5,7,55.59934464,0.3812631578947368,1.9459101490553128,0
469.0,117.2,0.0,137.8,32.2,852.1,840.5,7,54.89607912,0.293816631130064,1.9459101490553128,0
425.0,106.3,0.0,153.5,16.5,852.1,887.1,7,49.20100736,0.3611764705882353,1.9459101490553128,0
388.6,97.1,0.0,157.9,12.1,852.1,925.7,7,34.90127512,0.4063304168811116,1.9459101490553128,1
531.3,0.0,0.0,141.8,28.2,852.1,893.7,7,46.89815752,0.266892527762093,1.9459101490553128,0
425.0,106.3,0.0,153.5,16.5,852.1,887.1,7,49.20100736,0.3611764705882353,1.9459101490553128,0
318.8,212.5,0.0,155.7,14.3,852.1,880.4,7,33.39821744,0.4883939774153073,1.9459101490553128,2
401.8,94.7,0.0,147.4,11.4,946.8,852.1,7,54.09628696,0.3668491786958686,1.9459101490553128,0
362.6,189.0,0.0,164.9,11.6,944.7,755.8,7,55.89581932,0.4547710976282405,1.9459101490553128,1
323.7,282.8,0.0,183.8,10.3,942.7,659.9,7,49.80085148,0.5678097003398209,1.9459101490553128,2
379.5,151.2,0.0,153.9,15.9,1134.3,605.0,7,47.09810556,0.4055335968379446,1.9459101490553128,1
362.6,189.0,0.0,164.9,11.6,944.7,755.8,7,55.89581932,0.4547710976282405,1.9459101490553128,1
286.3,200.9,0.0,144.7,11.2,1004.6,803.7,7,37.99702236,0.505413901501921,1.9459101490553128,2
362.6,189.0,0.0,164.9,11.6,944.7,755.8,7,55.89581932,0.4547710976282405,1.9459101490553128,1
439.0,177.0,0.0,186.0,11.1,884.9,707.9,7,56.09576736,0.4236902050113895,1.9459101490553128,1
389.9,189.0,0.0,145.9,22.0,944.7,755.8,7,59.09498796,0.3741985124390869,1.9459101490553128,0
362.6,189.0,0.0,164.9,11.6,944.7,755.8,7,22.89749796,0.4547710976282405,1.9459101490553128,1
337.9,189.0,0.0,174.9,9.5,944.7,755.8,7,35.10122316,0.5176087599881622,1.9459101490553128,2
374.0,189.2,0.0,170.1,10.1,926.1,756.7,28,61.09446836,0.4548128342245989,3.332204510175204,1
313.3,262.2,0.0,175.5,8.6,1046.9,611.8,28,59.79825348,0.5601659751037344,3.332204510175204,2
425.0,106.3,0.0,153.5,16.5,852.1,887.1,28,60.2946762,0.3611764705882353,3.332204510175204,0
425.0,106.3,0.0,151.4,18.6,936.0,803.7,28,61.79773388,0.3562352941176471,3.332204510175204,0
375.0,93.8,0.0,126.6,23.4,852.1,992.6,28,56.69561148,0.3376,3.332204510175204,0
475.0,118.8,0.0,181.1,8.9,852.1,781.5,28,68.29949256,0.3812631578947368,3.332204510175204,0
469.0,117.2,0.0,137.8,32.2,852.1,840.5,28,66.89985628,0.293816631130064,3.332204510175204,0
425.0,106.3,0.0,153.5,16.5,852.1,887.1,28,60.2946762,0.3611764705882353,3.332204510175204,0
388.6,97.1,0.0,157.9,12.1,852.1,925.7,28,50.69717028,0.4063304168811116,3.332204510175204,1
531.3,0.0,0.0,141.8,28.2,852.1,893.7,28,56.3991368,0.266892527762093,3.332204510175204,0
425.0,106.3,0.0,153.5,16.5,852.1,887.1,28,60.2946762,0.3611764705882353,3.332204510175204,0
318.8,212.5,0.0,155.7,14.3,852.1,880.4,28,55.49592324,0.4883939774153073,3.332204510175204,2
401.8,94.7,0.0,147.4,11.4,946.8,852.1,28,68.4994406,0.3668491786958686,3.332204510175204,0
362.6,189.0,0.0,164.9,11.6,944.7,755.8,28,71.29871315999999,0.4547710976282405,3.332204510175204,1
323.7,282.8,0.0,183.8,10.3,942.7,659.9,28,74.69782984,0.5678097003398209,3.332204510175204,2
379.5,151.2,0.0,153.9,15.9,1134.3,605.0,28,52.20022796,0.4055335968379446,3.332204510175204,1
362.6,189.0,0.0,164.9,11.6,944.7,755.8,28,71.29871315999999,0.4547710976282405,3.332204510175204,1
286.3,200.9,0.0,144.7,11.2,1004.6,803.7,28,67.69964844,0.505413901501921,3.332204510175204,2
362.6,189.0,0.0,164.9,11.6,944.7,755.8,28,71.29871315999999,0.4547710976282405,3.332204510175204,1
439.0,177.0,0.0,186.0,11.1,884.9,707.9,28,65.99664272,0.4236902050113895,3.332204510175204,1
389.9,189.0,0.0,145.9,22.0,944.7,755.8,28,74.4978818,0.3741985124390869,3.332204510175204,0
362.6,189.0,0.0,164.9,11.6,944.7,755.8,28,71.29871315999999,0.4547710976282405,3.332204510175204,1
337.9,189.0,0.0,174.9,9.5,944.7,755.8,28,49.89737812,0.5176087599881622,3.332204510175204,2
374.0,189.2,0.0,170.1,10.1,926.1,756.7,56,63.3973182,0.4548128342245989,4.02535169073515,1
313.3,262.2,0.0,175.5,8.6,1046.9,611.8,56,64.90037588,0.5601659751037344,4.02535169073515,2
425.0,106.3,0.0,153.5,16.5,852.1,887.1,56,64.30053176,0.3611764705882353,4.02535169073515,0
425.0,106.3,0.0,151.4,18.6,936.0,803.7,56,64.90037588,0.3562352941176471,4.02535169073515,0
375.0,93.8,0.0,126.6,23.4,852.1,992.6,56,60.19814956,0.3376,4.02535169073515,0
475.0,118.8,0.0,181.1,8.9,852.1,781.5,56,72.29845336,0.3812631578947368,4.02535169073515,0
469.0,117.2,0.0,137.8,32.2,852.1,840.5,56,69.29923276,0.293816631130064,4.02535169073515,0
425.0,106.3,0.0,153.5,16.5,852.1,887.1,56,64.30053176,0.3611764705882353,4.02535169073515,0
388.6,97.1,0.0,157.9,12.1,852.1,925.7,56,55.19944856,0.4063304168811116,4.02535169073515,1
531.3,0.0,0.0,141.8,28.2,852.1,893.7,56,58.79851328,0.266892527762093,4.02535169073515,0
425.0,106.3,0.0,153.5,16.5,852.1,887.1,56,64.30053176,0.3611764705882353,4.02535169073515,0
318.8,212.5,0.0,155.7,14.3,852.1,880.4,56,66.10006412,0.4883939774153073,4.02535169073515,2
401.8,94.7,0.0,147.4,11.4,946.8,852.1,56,73.69808963999999,0.3668491786958686,4.02535169073515,0
362.6,189.0,0.0,164.9,11.6,944.7,755.8,56,77.29715436,0.4547710976282405,4.02535169073515,1
323.7,282.8,0.0,183.8,10.3,942.7,659.9,56,80.19984832,0.5678097003398209,4.02535169073515,2
379.5,151.2,0.0,153.9,15.9,1134.3,605.0,56,54.89607912,0.4055335968379446,4.02535169073515,1
362.6,189.0,0.0,164.9,11.6,944.7,755.8,56,77.29715436,0.4547710976282405,4.02535169073515,1
286.3,200.9,0.0,144.7,11.2,1004.6,803.7,56,72.99482412,0.505413901501921,4.02535169073515,2
362.6,189.0,0.0,164.9,11.6,944.7,755.8,56,77.29715436,0.4547710976282405,4.02535169073515,1
439.0,177.0,0.0,186.0,11.1,884.9,707.9,56,71.69860924,0.4236902050113895,4.02535169073515,1
389.9,189.0,0.0,145.9,22.0,944.7,755.8,56,79.40005615999999,0.3741985124390869,4.02535169073515,0
362.6,189.0,0.0,164.9,11.6,944.7,755.8,56,77.29715436,0.4547710976282405,4.02535169073515,1
337.9,189.0,0.0,174.9,9.5,944.7,755.8,56,59.89478012,0.5176087599881622,4.02535169073515,2
374.0,189.2,0.0,170.1,10.1,926.1,756.7,91,64.90037588,0.4548128342245989,4.51085950651685,1
313.3,262.2,0.0,175.5,8.6,1046.9,611.8,91,66.59648684,0.5601659751037344,4.51085950651685,2
425.0,106.3,0.0,153.5,16.5,852.1,887.1,91,65.19685056,0.3611764705882353,4.51085950651685,0
425.0,106.3,0.0,151.4,18.6,936.0,803.7,91,66.69990824,0.3562352941176471,4.51085950651685,0
375.0,93.8,0.0,126.6,23.4,852.1,992.6,91,62.5009994,0.3376,4.51085950651685,0
475.0,118.8,0.0,181.1,8.9,852.1,781.5,91,74.19451236,0.3812631578947368,4.51085950651685,0
469.0,117.2,0.0,137.8,32.2,852.1,840.5,91,70.69886903999999,0.293816631130064,4.51085950651685,0
425.0,106.3,0.0,153.5,16.5,852.1,887.1,91,65.19685056,0.3611764705882353,4.51085950651685,0
388.6,97.1,0.0,157.9,12.1,852.1,925.7,91,57.59882504,0.4063304168811116,4.51085950651685,1
531.3,0.0,0.0,141.8,28.2,852.1,893.7,91,59.19840936,0.266892527762093,4.51085950651685,0
425.0,106.3,0.0,153.5,16.5,852.1,887.1,91,65.19685056,0.3611764705882353,4.51085950651685,0
318.8,212.5,0.0,155.7,14.3,852.1,880.4,91,68.09954452,0.4883939774153073,4.51085950651685,2
401.8,94.7,0.0,147.4,11.4,946.8,852.1,91,75.49762199999999,0.3668491786958686,4.51085950651685,0
362.6,189.0,0.0,164.9,11.6,944.7,755.8,91,79.29663476,0.4547710976282405,4.51085950651685,1
379.5,151.2,0.0,153.9,15.9,1134.3,605.0,91,56.49566344,0.4055335968379446,4.51085950651685,1
362.6,189.0,0.0,164.9,11.6,944.7,755.8,91,79.29663476,0.4547710976282405,4.51085950651685,1
286.3,200.9,0.0,144.7,11.2,1004.6,803.7,91,76.80073164,0.505413901501921,4.51085950651685,2
362.6,189.0,0.0,164.9,11.6,944.7,755.8,91,79.29663476,0.4547710976282405,4.51085950651685,1
439.0,177.0,0.0,186.0,11.1,884.9,707.9,91,73.29819356,0.4236902050113895,4.51085950651685,1
389.9,189.0,0.0,145.9,22.0,944.7,755.8,91,82.5992248,0.3741985124390869,4.51085950651685,0
362.6,189.0,0.0,164.9,11.6,944.7,755.8,91,79.29663476,0.4547710976282405,4.51085950651685,1
337.9,189.0,0.0,174.9,9.5,944.7,755.8,91,67.79617508,0.5176087599881622,4.51085950651685,2
222.36,0.0,96.67,189.29,4.46,967.08,870.32,3,11.57630204,0.8512772081309588,1.0986122886681098,7
222.36,0.0,96.67,189.29,4.46,967.08,870.32,14,24.44881896,0.8512772081309588,2.6390573296152584,7
222.36,0.0,96.67,189.29,4.46,967.08,870.32,28,24.8900836,0.8512772081309588,3.332204510175204,7
222.36,0.0,96.67,189.29,4.46,967.08,870.32,56,29.44751996,0.8512772081309588,4.02535169073515,7
222.36,0.0,96.67,189.29,4.46,967.08,870.32,100,40.7135578,0.8512772081309588,4.605170185988092,7
233.81,0.0,94.58,197.89,4.567,947.04,852.16,3,10.38350856,0.8463709849878106,1.0986122886681098,6
233.81,0.0,94.58,197.89,4.567,947.04,852.16,14,22.13907436,0.8463709849878106,2.6390573296152584,6
233.81,0.0,94.58,197.89,4.567,947.04,852.16,28,22.83544512,0.8463709849878106,3.332204510175204,6
233.81,0.0,94.58,197.89,4.567,947.04,852.16,56,27.66177712,0.8463709849878106,4.02535169073515,6
233.81,0.0,94.58,197.89,4.567,947.04,852.16,100,34.55653712,0.8463709849878106,4.605170185988092,6
194.68,0.0,100.52,165.62,7.48,1006.4,905.9,3,12.45193656,0.8507294020957469,1.0986122886681098,7
194.68,0.0,100.52,165.62,7.48,1006.4,905.9,14,24.98661024,0.8507294020957469,2.6390573296152584,7
194.68,0.0,100.52,165.62,7.48,1006.4,905.9,28,25.72434956,0.8507294020957469,3.332204510175204,7
194.68,0.0,100.52,165.62,7.48,1006.4,905.9,56,33.96358776,0.8507294020957469,4.02535169073515,7
194.68,0.0,100.52,165.62,7.48,1006.4,905.9,100,37.34202016,0.8507294020957469,4.605170185988092,7
190.68,0.0,125.4,162.14,7.77,1090.0,804.01,3,15.04436632,0.8503251520872666,1.0986122886681098,7
190.68,0.0,125.4,162.14,7.77,1090.0,804.01,14,21.0634918,0.8503251520872666,2.6390573296152584,7
190.68,0.0,125.4,162.14,7.77,1090.0,804.01,28,26.40003604,0.8503251520872666,3.332204510175204,7
190.68,0.0,125.4,162.14,7.77,1090.0,804.01,56,35.34253976,0.8503251520872666,4.02535169073515,7
190.68,0.0,125.4,162.14,7.77,1090.0,804.01,100,40.56876784,0.8503251520872666,4.605170185988092,7
212.07,0.0,121.62,180.31,5.69,1057.6,779.32,3,12.47262084,0.8502381289196964,1.0986122886681098,6
212.07,0.0,121.62,180.31,5.69,1057.6,779.32,14,20.91870184,0.8502381289196964,2.6390573296152584,6
212.07,0.0,121.62,180.31,5.69,1057.6,779.32,28,24.90387312,0.8502381289196964,3.332204510175204,6
212.07,0.0,121.62,180.31,5.69,1057.6,779.32,56,34.20490436,0.8502381289196964,4.02535169073515,6
212.07,0.0,121.62,180.31,5.69,1057.6,779.32,100,39.6103962,0.8502381289196964,4.605170185988092,6
229.97,0.0,118.31,195.47,4.63,1029.4,758.59,3,10.0318758,0.849980432230291,1.0986122886681098,6
229.97,0.0,118.31,195.47,4.63,1029.4,758.59,14,20.08443588,0.849980432230291,2.6390573296152584,6
229.97,0.0,118.31,195.47,4.63,1029.4,758.59,28,24.48329276,0.849980432230291,3.332204510175204,6
229.97,0.0,118.31,195.47,4.63,1029.4,758.59,56,31.53663224,0.849980432230291,4.02535169073515,6
229.97,0.0,118.31,195.47,4.63,1029.4,758.59,100,35.34253976,0.849980432230291,4.605170185988092,6
190.34,0.0,125.18,161.85,9.88,1088.1,802.59,3,9.4458212,0.8503204791425869,1.0986122886681098,6
190.34,0.0,125.18,161.85,9.88,1088.1,802.59,14,22.7182342,0.8503204791425869,2.6390573296152584,6
190.34,0.0,125.18,161.85,9.88,1088.1,802.59,28,28.46846404,0.8503204791425869,3.332204510175204,6
190.34,0.0,125.18,161.85,9.88,1088.1,802.59,56,38.56239268,0.8503204791425869,4.02535169073515,6
190.34,0.0,125.18,161.85,9.88,1088.1,802.59,100,40.38950408,0.8503204791425869,4.605170185988092,6
166.09,0.0,163.27,176.46,4.49,1058.6,780.09,3,10.76272036,1.0624360286591608,1.0986122886681098,8
166.09,0.0,163.27,176.46,4.49,1058.6,780.09,14,25.48303296,1.0624360286591608,2.6390573296152584,8
166.09,0.0,163.27,176.46,4.49,1058.6,780.09,28,21.53923024,1.0624360286591608,3.332204510175204,8
166.09,0.0,163.27,176.46,4.49,1058.6,780.09,56,28.62704352,1.0624360286591608,4.02535169073515,8
166.09,0.0,163.27,176.46,4.49,1058.6,780.09,100,33.5430074,1.0624360286591608,4.605170185988092,8
167.95,42.08,163.83,121.75,5.72,1058.7,780.11,3,7.74971024,0.7249181303959512,1.0986122886681098,5
167.95,42.08,163.83,121.75,5.72,1058.7,780.11,14,17.8229546,0.7249181303959512,2.6390573296152584,5
167.95,42.08,163.83,121.75,5.72,1058.7,780.11,28,24.24197616,0.7249181303959512,3.332204510175204,5
167.95,42.08,163.83,121.75,5.72,1058.7,780.11,56,32.8535314,0.7249181303959512,4.02535169073515,5
167.95,42.08,163.83,121.75,5.72,1058.7,780.11,100,39.2311844,0.7249181303959512,4.605170185988092,5
213.72,98.05,24.51,181.71,6.86,1065.8,785.38,3,17.9953236,0.8502245929253229,1.0986122886681098,6
213.72,98.05,24.51,181.71,6.86,1065.8,785.38,14,30.38520732,0.8502245929253229,2.6390573296152584,6
213.72,98.05,24.51,181.71,6.86,1065.8,785.38,28,45.70536404,0.8502245929253229,3.332204510175204,6
213.72,98.05,24.51,181.71,6.86,1065.8,785.38,56,50.77301264,0.8502245929253229,4.02535169073515,6
213.72,98.05,24.51,181.71,6.86,1065.8,785.38,100,53.90323368,0.8502245929253229,4.605170185988092,6
213.76,98.06,24.52,181.74,6.65,1066.0,785.52,3,13.18278112,0.8502058383233534,1.0986122886681098,6
213.76,98.06,24.52,181.74,6.65,1066.0,785.52,14,17.83674412,0.8502058383233534,2.6390573296152584,6
213.76,98.06,24.52,181.74,6.65,1066.0,785.52,28,40.2309246,0.8502058383233534,3.332204510175204,6
213.76,98.06,24.52,181.74,6.65,1066.0,785.52,56,47.13257936,0.8502058383233534,4.02535169073515,6
213.76,98.06,24.52,181.74,6.65,1066.0,785.52,100,49.97322048,0.8502058383233534,4.605170185988092,6
229.68,0.0,118.16,195.23,6.13,1028.1,757.63,3,13.35515012,0.8500087077673284,1.0986122886681098,6
229.68,0.0,118.16,195.23,6.13,1028.1,757.63,14,22.31833812,0.8500087077673284,2.6390573296152584,6
229.68,0.0,118.16,195.23,6.13,1028.1,757.63,28,24.53845084,0.8500087077673284,3.332204510175204,6
229.68,0.0,118.16,195.23,6.13,1028.1,757.63,56,31.35047372,0.8500087077673284,4.02535169073515,6
229.68,0.0,118.16,195.23,6.13,1028.1,757.63,100,40.85834776,0.8500087077673284,4.605170185988092,6
238.05,0.0,94.11,186.66,7.0,949.91,847.01,3,19.93275116,0.7841209829867675,1.0986122886681098,6
238.05,0.0,94.11,186.66,7.0,949.91,847.01,14,25.68987576,0.7841209829867675,2.6390573296152584,6
238.05,0.0,94.11,186.66,7.0,949.91,847.01,28,30.2335226,0.7841209829867675,3.332204510175204,6
238.05,0.0,94.11,186.66,7.0,949.91,847.01,56,39.58971192,0.7841209829867675,4.02535169073515,6
238.05,0.0,94.11,186.66,7.0,949.91,847.01,100,44.298833,0.7841209829867675,4.605170185988092,6
250.0,0.0,95.69,187.42,5.53,956.86,861.17,3,13.81709904,0.7496799999999999,1.0986122886681098,5
250.0,0.0,95.69,187.42,5.53,956.86,861.17,14,24.91766264,0.7496799999999999,2.6390573296152584,5
250.0,0.0,95.69,187.42,5.53,956.86,861.17,28,29.21999288,0.7496799999999999,3.332204510175204,5
250.0,0.0,95.69,187.42,5.53,956.86,861.17,56,38.32797084,0.7496799999999999,4.02535169073515,5
250.0,0.0,95.69,187.42,5.53,956.86,861.17,100,42.34761592,0.7496799999999999,4.605170185988092,5
212.52,0.0,100.37,159.32,8.71,1007.8,903.59,3,13.54130864,0.7496706192358366,1.0986122886681098,5
212.52,0.0,100.37,159.32,8.71,1007.8,903.59,14,26.31040416,0.7496706192358366,2.6390573296152584,5
212.52,0.0,100.37,159.32,8.71,1007.8,903.59,28,31.64005364,0.7496706192358366,3.332204510175204,5
212.52,0.0,100.37,159.32,8.71,1007.8,903.59,56,42.54756396,0.7496706192358366,4.02535169073515,5
212.52,0.0,100.37,159.32,8.71,1007.8,903.59,100,42.919881,0.7496706192358366,4.605170185988092,5
212.57,0.0,100.39,159.35,10.37,1003.8,903.79,3,13.33446584,0.7496354142164934,1.0986122886681098,5
212.57,0.0,100.39,159.35,10.37,1003.8,903.79,14,25.3727168,0.7496354142164934,2.6390573296152584,5
212.57,0.0,100.39,159.35,10.37,1003.8,903.79,28,37.404073,0.7496354142164934,3.332204510175204,5
212.57,0.0,100.39,159.35,10.37,1003.8,903.79,56,44.39535964,0.7496354142164934,4.02535169073515,5
212.57,0.0,100.39,159.35,10.37,1003.8,903.79,100,47.73931824,0.7496354142164934,4.605170185988092,5
212.0,0.0,124.78,159.0,7.84,1085.4,799.54,3,19.51906556,0.75,1.0986122886681098,5
212.0,0.0,124.78,159.0,7.84,1085.4,799.54,14,31.35047372,0.75,2.6390573296152584,5
212.0,0.0,124.78,159.0,7.84,1085.4,799.54,28,38.50033984,0.75,3.332204510175204,5
212.0,0.0,124.78,159.0,7.84,1085.4,799.54,56,45.08483564,0.75,4.02535169073515,5
212.0,0.0,124.78,159.0,7.84,1085.4,799.54,100,47.8151606,0.75,4.605170185988092,5
231.75,0.0,121.62,173.96,6.72,1056.4,778.45,3,15.43736764,0.7506364617044229,1.0986122886681098,6
231.75,0.0,121.62,173.96,6.72,1056.4,778.45,14,26.77235308,0.7506364617044229,2.6390573296152584,6
231.75,0.0,121.62,173.96,6.72,1056.4,778.45,28,33.72916592,0.7506364617044229,3.332204510175204,6
231.75,0.0,121.62,173.96,6.72,1056.4,778.45,56,42.69924868,0.7506364617044229,4.02535169073515,6
231.75,0.0,121.62,173.96,6.72,1056.4,778.45,100,45.83636448,0.7506364617044229,4.605170185988092,6
251.37,0.0,118.27,188.45,5.75,1028.4,757.73,3,17.22311048,0.7496916895413135,1.0986122886681098,5
251.37,0.0,118.27,188.45,5.75,1028.4,757.73,14,29.93015316,0.7496916895413135,2.6390573296152584,5
251.37,0.0,118.27,188.45,5.75,1028.4,757.73,28,29.65436276,0.7496916895413135,3.332204510175204,5
251.37,0.0,118.27,188.45,5.75,1028.4,757.73,56,36.96970312,0.7496916895413135,4.02535169073515,5
251.37,0.0,118.27,188.45,5.75,1028.4,757.73,100,43.58177796,0.7496916895413135,4.605170185988092,5
251.37,0.0,118.27,188.45,6.35,1028.4,757.73,3,13.12072828,0.7496916895413135,1.0986122886681098,5
251.37,0.0,118.27,188.45,6.35,1028.4,757.73,14,24.42813468,0.7496916895413135,2.6390573296152584,5
251.37,0.0,118.27,188.45,6.35,1028.4,757.73,28,32.66047812,0.7496916895413135,3.332204510175204,5
251.37,0.0,118.27,188.45,6.35,1028.4,757.73,56,36.63875464,0.7496916895413135,4.02535169073515,5
251.37,0.0,118.27,188.45,6.35,1028.4,757.73,100,44.20920112,0.7496916895413135,4.605170185988092,5
181.38,0.0,167.01,169.59,7.56,1055.6,777.8,3,13.62404576,0.9349983460138936,1.0986122886681098,7
181.38,0.0,167.01,169.59,7.56,1055.6,777.8,14,21.60128308,0.9349983460138936,2.6390573296152584,7
181.38,0.0,167.01,169.59,7.56,1055.6,777.8,28,27.77209328,0.9349983460138936,3.332204510175204,7
181.38,0.0,167.01,169.59,7.56,1055.6,777.8,56,35.57006684,0.9349983460138936,4.02535169073515,7
181.38,0.0,167.01,169.59,7.56,1055.6,777.8,100,45.3675208,0.9349983460138936,4.605170185988092,7
182.04,45.21,121.97,170.21,8.19,1059.4,780.65,3,7.315340359999999,0.9350142825752584,1.0986122886681098,7
182.04,45.21,121.97,170.21,8.19,1059.4,780.65,14,21.50475644,0.9350142825752584,2.6390573296152584,7
182.04,45.21,121.97,170.21,8.19,1059.4,780.65,28,31.2677366,0.9350142825752584,3.332204510175204,7
182.04,45.21,121.97,170.21,8.19,1059.4,780.65,56,43.49904084,0.9350142825752584,4.02535169073515,7
182.04,45.21,121.97,170.21,8.19,1059.4,780.65,100,48.67011084,0.9350142825752584,4.605170185988092,7
168.88,42.22,124.25,158.33,10.83,1080.8,796.15,3,7.398077479999999,0.9375296068214116,1.0986122886681098,7
168.88,42.22,124.25,158.33,10.83,1080.8,796.15,14,23.5111316,0.9375296068214116,2.6390573296152584,7
168.88,42.22,124.25,158.33,10.83,1080.8,796.15,28,31.11605188,0.9375296068214116,3.332204510175204,7
168.88,42.22,124.25,158.33,10.83,1080.8,796.15,56,39.14844728,0.9375296068214116,4.02535169073515,7
168.88,42.22,124.25,158.33,10.83,1080.8,796.15,100,48.15300384,0.9375296068214116,4.605170185988092,7
290.35,0.0,96.18,168.08,9.41,961.18,865.0,3,22.50449664,0.5788875495092131,1.0986122886681098,3
290.35,0.0,96.18,168.08,9.41,961.18,865.0,14,34.67374804,0.5788875495092131,2.6390573296152584,3
290.35,0.0,96.18,168.08,9.41,961.18,865.0,28,34.73580088,0.5788875495092131,3.332204510175204,3
290.35,0.0,96.18,168.08,9.41,961.18,865.0,56,45.08483564,0.5788875495092131,4.02535169073515,3
290.35,0.0,96.18,168.08,9.41,961.18,865.0,100,48.97348028,0.5788875495092131,4.605170185988092,3
277.05,0.0,97.39,160.6,11.83,973.9,875.61,3,23.13881456,0.5796787583468688,1.0986122886681098,3
277.05,0.0,97.39,160.6,11.83,973.9,875.61,14,41.885667,0.5796787583468688,2.6390573296152584,3
277.05,0.0,97.39,160.6,11.83,973.9,875.61,28,48.28400428,0.5796787583468688,3.332204510175204,3
277.05,0.0,97.39,160.6,11.83,973.9,875.61,56,51.03501352,0.5796787583468688,4.02535169073515,3
277.05,0.0,97.39,160.6,11.83,973.9,875.61,100,55.6407132,0.5796787583468688,4.605170185988092,3
295.71,0.0,95.64,171.54,8.87,955.14,859.2,3,22.94576128,0.5800953637009232,1.0986122886681098,3
295.71,0.0,95.64,171.54,8.87,955.14,859.2,14,35.2322236,0.5800953637009232,2.6390573296152584,3
295.71,0.0,95.64,171.54,8.87,955.14,859.2,28,39.94134468,0.5800953637009232,3.332204510175204,3
295.71,0.0,95.64,171.54,8.87,955.14,859.2,56,48.71837416,0.5800953637009232,4.02535169073515,3
295.71,0.0,95.64,171.54,8.87,955.14,859.2,100,52.04164848,0.5800953637009232,4.605170185988092,3
251.81,0.0,99.94,146.14,12.35,1006.0,899.76,3,21.02212324,0.5803582065843294,1.0986122886681098,3
251.81,0.0,99.94,146.14,12.35,1006.0,899.76,14,33.35684888,0.5803582065843294,2.6390573296152584,3
251.81,0.0,99.94,146.14,12.35,1006.0,899.76,28,33.94290348,0.5803582065843294,3.332204510175204,3
251.81,0.0,99.94,146.14,12.35,1006.0,899.76,56,44.14025352,0.5803582065843294,4.02535169073515,3
251.81,0.0,99.94,146.14,12.35,1006.0,899.76,100,45.3675208,0.5803582065843294,4.605170185988092,3
249.1,0.0,98.75,158.11,12.8,987.76,889.01,3,15.36152528,0.6347250100361301,1.0986122886681098,4
249.1,0.0,98.75,158.11,12.8,987.76,889.01,14,28.6822016,0.6347250100361301,2.6390573296152584,4
249.1,0.0,98.75,158.11,12.8,987.76,889.01,28,30.84715624,0.6347250100361301,3.332204510175204,4
249.1,0.0,98.75,158.11,12.8,987.76,889.01,56,42.03045696,0.6347250100361301,4.02535169073515,4
249.1,0.0,98.75,158.11,12.8,987.76,889.01,100,51.0556978,0.6347250100361301,4.605170185988092,4
252.31,0.0,98.75,146.25,14.17,987.76,889.01,3,21.78054684,0.5796440886211407,1.0986122886681098,3
252.31,0.0,98.75,146.25,14.17,987.76,889.01,14,42.29245784,0.5796440886211407,2.6390573296152584,3
252.31,0.0,98.75,146.25,14.17,987.76,889.01,28,50.60064364,0.5796440886211407,3.332204510175204,3
252.31,0.0,98.75,146.25,14.17,987.76,889.01,56,55.82687172,0.5796440886211407,4.02535169073515,3
252.31,0.0,98.75,146.25,14.17,987.76,889.01,100,60.9496784,0.5796440886211407,4.605170185988092,3
246.83,0.0,125.08,143.3,11.99,1086.8,800.89,3,23.52492112,0.5805615200745452,1.0986122886681098,3
246.83,0.0,125.08,143.3,11.99,1086.8,800.89,14,42.21661548,0.5805615200745452,2.6390573296152584,3
246.83,0.0,125.08,143.3,11.99,1086.8,800.89,28,52.5035974,0.5805615200745452,3.332204510175204,3
246.83,0.0,125.08,143.3,11.99,1086.8,800.89,56,60.32225524,0.5805615200745452,4.02535169073515,3
246.83,0.0,125.08,143.3,11.99,1086.8,800.89,100,66.42411784,0.5805615200745452,4.605170185988092,3
275.07,0.0,121.35,159.48,9.9,1053.6,777.5,3,23.80071152,0.5797796924419238,1.0986122886681098,3
275.07,0.0,121.35,159.48,9.9,1053.6,777.5,14,38.76923548,0.5797796924419238,2.6390573296152584,3
275.07,0.0,121.35,159.48,9.9,1053.6,777.5,28,51.3314882,0.5797796924419238,3.332204510175204,3
275.07,0.0,121.35,159.48,9.9,1053.6,777.5,56,56.8472962,0.5797796924419238,4.02535169073515,3
275.07,0.0,121.35,159.48,9.9,1053.6,777.5,100,58.60546,0.5797796924419238,4.605170185988092,3
297.16,0.0,117.54,174.8,9.52,1022.8,753.45,3,21.91154728,0.5882352941176471,1.0986122886681098,3
297.16,0.0,117.54,174.8,9.52,1022.8,753.45,14,36.9903874,0.5882352941176471,2.6390573296152584,3
297.16,0.0,117.54,174.8,9.52,1022.8,753.45,28,47.401475,0.5882352941176471,3.332204510175204,3
297.16,0.0,117.54,174.8,9.52,1022.8,753.45,56,51.95891136,0.5882352941176471,4.02535169073515,3
297.16,0.0,117.54,174.8,9.52,1022.8,753.45,100,56.7438748,0.5882352941176471,4.605170185988092,3
213.74,0.0,174.74,154.79,10.16,1053.5,776.35,3,17.57474324,0.7241976232806212,1.0986122886681098,5
213.74,0.0,174.74,154.79,10.16,1053.5,776.35,14,33.72916592,0.7241976232806212,2.6390573296152584,5
213.74,0.0,174.74,154.79,10.16,1053.5,776.35,28,40.14818748,0.7241976232806212,3.332204510175204,5
213.74,0.0,174.74,154.79,10.16,1053.5,776.35,56,46.6430514,0.7241976232806212,4.02535169073515,5
213.74,0.0,174.74,154.79,10.16,1053.5,776.35,100,50.07664188,0.7241976232806212,4.605170185988092,5
213.5,0.0,174.24,154.61,11.66,1052.3,775.48,3,17.36790044,0.724168618266979,1.0986122886681098,5
213.5,0.0,174.24,154.61,11.66,1052.3,775.48,14,33.70158688,0.724168618266979,2.6390573296152584,5
213.5,0.0,174.24,154.61,11.66,1052.3,775.48,28,45.93978588,0.724168618266979,3.332204510175204,5
213.5,0.0,174.24,154.61,11.66,1052.3,775.48,56,51.4349096,0.724168618266979,4.02535169073515,5
213.5,0.0,174.24,154.61,11.66,1052.3,775.48,100,59.30183076,0.724168618266979,4.605170185988092,5
277.19,97.82,24.46,160.7,11.19,1061.7,782.46,3,30.44726016,0.5797467441105378,1.0986122886681098,3
277.19,97.82,24.46,160.7,11.19,1061.7,782.46,14,47.7117392,0.5797467441105378,2.6390573296152584,3
277.19,97.82,24.46,160.7,11.19,1061.7,782.46,28,63.14221208,0.5797467441105378,3.332204510175204,3
277.19,97.82,24.46,160.7,11.19,1061.7,782.46,56,66.82401392,0.5797467441105378,4.02535169073515,3
277.19,97.82,24.46,160.7,11.19,1061.7,782.46,100,66.9481196,0.5797467441105378,4.605170185988092,3
218.23,54.64,123.78,140.75,11.91,1075.7,792.67,3,27.42046052,0.6449617376162764,1.0986122886681098,4
218.23,54.64,123.78,140.75,11.91,1075.7,792.67,14,35.9561734,0.6449617376162764,2.6390573296152584,4
218.23,54.64,123.78,140.75,11.91,1075.7,792.67,28,55.50971276,0.6449617376162764,3.332204510175204,4
218.23,54.64,123.78,140.75,11.91,1075.7,792.67,56,61.99078716,0.6449617376162764,4.02535169073515,4
218.23,54.64,123.78,140.75,11.91,1075.7,792.67,100,63.52831864,0.6449617376162764,4.605170185988092,4
214.9,53.8,121.89,155.63,9.61,1014.3,780.58,3,18.01600788,0.7241973010702653,1.0986122886681098,5
214.9,53.8,121.89,155.63,9.61,1014.3,780.58,14,38.60376124,0.7241973010702653,2.6390573296152584,5
214.9,53.8,121.89,155.63,9.61,1014.3,780.58,28,52.20022796,0.7241973010702653,3.332204510175204,5
214.9,53.8,121.89,155.63,9.61,1014.3,780.58,56,53.95839176,0.7241973010702653,4.02535169073515,5
214.9,53.8,121.89,155.63,9.61,1014.3,780.58,100,56.63355864,0.7241973010702653,4.605170185988092,5
218.85,0.0,124.13,158.49,11.33,1078.7,794.91,3,15.340841,0.7241946538725155,1.0986122886681098,5
218.85,0.0,124.13,158.49,11.33,1078.7,794.91,14,26.04840328,0.7241946538725155,2.6390573296152584,5
218.85,0.0,124.13,158.49,11.33,1078.7,794.91,28,30.21973308,0.7241946538725155,3.332204510175204,5
218.85,0.0,124.13,158.49,11.33,1078.7,794.91,56,37.2661778,0.7241946538725155,4.02535169073515,5
218.85,0.0,124.13,158.49,11.33,1078.7,794.91,100,46.2293658,0.7241946538725155,4.605170185988092,5
376.0,0.0,0.0,214.6,0.0,1003.5,762.36,3,16.27852836,0.5707446808510638,1.0986122886681098,3
376.0,0.0,0.0,214.6,0.0,1003.5,762.36,14,25.62092816,0.5707446808510638,2.6390573296152584,3
376.0,0.0,0.0,214.6,0.0,1003.5,762.36,28,31.97100212,0.5707446808510638,3.332204510175204,3
376.0,0.0,0.0,214.6,0.0,1003.5,762.36,56,36.3009114,0.5707446808510638,4.02535169073515,3
376.0,0.0,0.0,214.6,0.0,1003.5,762.36,100,43.0577762,0.5707446808510638,4.605170185988092,3
500.0,0.0,0.0,140.0,4.0,966.0,853.0,28,67.568648,0.28,3.332204510175204,0
475.0,0.0,59.0,142.0,1.9,1098.0,641.0,28,57.226508,0.2989473684210526,3.332204510175204,0
315.0,137.0,0.0,145.0,5.9,1130.0,745.0,28,81.75116932,0.4603174603174603,3.332204510175204,1
505.0,0.0,60.0,195.0,0.0,1030.0,630.0,28,64.0178466,0.3861386138613861,3.332204510175204,0
451.0,0.0,0.0,165.0,11.25,1030.0,745.0,28,78.80021203999999,0.3658536585365853,3.332204510175204,0
516.0,0.0,0.0,162.0,8.2,801.0,802.0,28,41.36856,0.313953488372093,3.332204510175204,0
520.0,0.0,0.0,170.0,5.2,855.0,855.0,28,60.28088668,0.3269230769230769,3.332204510175204,0
528.0,0.0,0.0,185.0,6.86,920.0,720.0,28,56.83350668,0.3503787878787879,3.332204510175204,0
520.0,0.0,0.0,175.0,5.2,870.0,805.0,28,51.021224,0.3365384615384615,3.332204510175204,0
385.0,0.0,136.0,158.0,20.0,903.0,768.0,28,55.55108132,0.4103896103896104,3.332204510175204,1
500.1,0.0,0.0,200.0,3.0,1124.4,613.2,28,44.13335876,0.3999200159968006,3.332204510175204,0
450.1,50.0,0.0,200.0,3.0,1124.4,613.2,28,39.37597436,0.4443457009553432,3.332204510175204,1
397.0,17.2,158.0,167.0,20.8,967.0,633.0,28,55.64760796,0.4206549118387909,3.332204510175204,1
333.0,17.5,163.0,167.0,17.9,996.0,652.0,28,47.27736932,0.5015015015015015,3.332204510175204,2
334.0,17.6,158.0,189.0,15.3,967.0,633.0,28,44.32641204,0.5658682634730539,3.332204510175204,2
405.0,0.0,0.0,175.0,0.0,1120.0,695.0,28,52.30364936,0.4320987654320987,3.332204510175204,1
200.0,200.0,0.0,190.0,0.0,1145.0,660.0,28,49.24927068,0.95,3.332204510175204,7
516.0,0.0,0.0,162.0,8.26,801.0,802.0,28,41.36856,0.313953488372093,3.332204510175204,0
145.0,116.0,119.0,184.0,5.7,833.0,880.0,28,29.15794004,1.2689655172413794,3.332204510175204,9
160.0,128.0,122.0,182.0,6.4,824.0,879.0,28,39.39665864,1.1375,3.332204510175204,8
234.0,156.0,0.0,189.0,5.85,981.0,760.0,28,39.300132,0.8076923076923077,3.332204510175204,6
250.0,180.0,95.0,159.0,9.45,860.0,800.0,28,67.86512268,0.636,3.332204510175204,4
475.0,0.0,0.0,162.0,9.5,1044.0,662.0,28,58.52272288,0.3410526315789474,3.332204510175204,0
285.0,190.0,0.0,163.0,7.6,1031.0,685.0,28,53.57917996,0.5719298245614035,3.332204510175204,3
356.0,119.0,0.0,160.0,9.03,1061.0,657.0,28,58.99846132,0.449438202247191,3.332204510175204,1
275.0,180.0,120.0,162.0,10.35,830.0,765.0,28,76.23536132,0.5890909090909091,3.332204510175204,3
500.0,0.0,0.0,151.0,9.0,1033.0,655.0,28,69.83702404,0.302,3.332204510175204,0
165.0,0.02,143.57,163.81,0.0,1005.6,900.9,3,14.39625888,0.9927878787878788,1.0986122886681098,7
165.0,128.5,132.1,175.06,8.08,1005.8,746.6,3,19.41564416,1.060969696969697,1.0986122886681098,8
178.03,129.8,118.6,179.94,3.57,1007.3,746.8,3,20.72564856,1.0107285288996235,1.0986122886681098,8
167.35,129.9,128.62,175.46,7.79,1006.3,746.6,3,14.94094492,1.0484613086345982,1.0986122886681098,8
172.38,13.61,172.37,156.76,4.14,1006.3,856.4,3,21.29101888,0.9093862397029816,1.0986122886681098,7
173.54,50.05,173.53,164.77,6.47,1006.2,793.5,3,23.07676172,0.9494641004955632,1.0986122886681098,7
167.0,75.4,167.0,164.03,7.91,1007.3,770.1,3,15.52010476,0.9822155688622756,1.0986122886681098,7
173.81,93.37,159.9,172.34,9.73,1007.2,746.6,3,15.81657944,0.991542488924688,1.0986122886681098,7
190.34,0.0,125.18,166.61,9.88,1079.0,798.9,3,12.5484632,0.8753283597772408,1.0986122886681098,7
250.0,0.0,95.69,191.84,5.33,948.9,857.2,3,8.48744956,0.76736,1.0986122886681098,6
213.5,0.0,174.24,159.21,11.66,1043.6,771.9,3,15.60973664,0.7457142857142858,1.0986122886681098,5
194.68,0.0,100.52,170.17,7.48,998.0,901.8,3,12.17614616,0.8741010889665091,1.0986122886681098,7
251.37,0.0,118.27,192.94,5.75,1043.6,754.3,3,11.98309288,0.76755380514779,1.0986122886681098,6
165.0,0.02,143.57,163.81,0.0,1005.6,900.9,14,16.87837248,0.9927878787878788,2.6390573296152584,7
165.0,128.5,132.1,175.06,8.08,1005.8,746.6,14,33.08795324,1.060969696969697,2.6390573296152584,8
178.03,129.8,118.6,179.94,3.57,1007.3,746.8,14,34.23937816,1.0107285288996235,2.6390573296152584,8
167.35,129.9,128.62,175.46,7.79,1006.3,746.6,14,31.81242264,1.0484613086345982,2.6390573296152584,8
172.38,13.61,172.37,156.76,4.14,1006.3,856.4,14,29.7508894,0.9093862397029816,2.6390573296152584,7
173.54,50.05,173.53,164.77,6.47,1006.2,793.5,14,33.00521612,0.9494641004955632,2.6390573296152584,7
167.0,75.4,167.0,164.03,7.91,1007.3,770.1,14,32.90179472,0.9822155688622756,2.6390573296152584,7
173.81,93.37,159.9,172.34,9.73,1007.2,746.6,14,29.55094136,0.991542488924688,2.6390573296152584,7
190.34,0.0,125.18,166.61,9.88,1079.0,798.9,14,19.41564416,0.8753283597772408,2.6390573296152584,7
250.0,0.0,95.69,191.84,5.33,948.9,857.2,14,24.65566176,0.76736,2.6390573296152584,6
213.5,0.0,174.24,159.21,11.66,1043.6,771.9,14,29.59230992,0.7457142857142858,2.6390573296152584,5
194.68,0.0,100.52,170.17,7.48,998.0,901.8,14,24.28334472,0.8741010889665091,2.6390573296152584,7
251.37,0.0,118.27,192.94,5.75,1043.6,754.3,14,20.72564856,0.76755380514779,2.6390573296152584,6
165.0,0.02,143.57,163.81,0.0,1005.6,900.9,28,26.200088,0.9927878787878788,3.332204510175204,7
165.0,128.5,132.1,175.06,8.08,1005.8,746.6,28,46.38794528,1.060969696969697,3.332204510175204,8
178.03,129.8,118.6,179.94,3.57,1007.3,746.8,28,39.1622368,1.0107285288996235,3.332204510175204,8
167.35,129.9,128.62,175.46,7.79,1006.3,746.6,28,41.20308576,1.0484613086345982,3.332204510175204,8
172.38,13.61,172.37,156.76,4.14,1006.3,856.4,28,33.68779736,0.9093862397029816,3.332204510175204,7
173.54,50.05,173.53,164.77,6.47,1006.2,793.5,28,38.20386516,0.9494641004955632,3.332204510175204,7
167.0,75.4,167.0,164.03,7.91,1007.3,770.1,28,41.40992856,0.9822155688622756,3.332204510175204,7
173.81,93.37,159.9,172.34,9.73,1007.2,746.6,28,37.81086384,0.991542488924688,3.332204510175204,7
190.34,0.0,125.18,166.61,9.88,1079.0,798.9,28,24.84871504,0.8753283597772408,3.332204510175204,7
250.0,0.0,95.69,191.84,5.33,948.9,857.2,28,27.22051248,0.76736,3.332204510175204,6
213.5,0.0,174.24,159.21,11.66,1043.6,771.9,28,44.63667624,0.7457142857142858,3.332204510175204,5
194.68,0.0,100.52,170.17,7.48,998.0,901.8,28,37.2661778,0.8741010889665091,3.332204510175204,7
251.37,0.0,118.27,192.94,5.75,1043.6,754.3,28,33.27411176,0.76755380514779,3.332204510175204,6
165.0,0.02,143.57,163.81,0.0,1005.6,900.9,56,36.56291228,0.9927878787878788,4.02535169073515,7
165.0,128.5,132.1,175.06,8.08,1005.8,746.6,56,53.72396992,1.060969696969697,4.02535169073515,8
178.03,129.8,118.6,179.94,3.57,1007.3,746.8,56,48.58737372,1.0107285288996235,4.02535169073515,8
167.35,129.9,128.62,175.46,7.79,1006.3,746.6,56,51.72448952,1.0484613086345982,4.02535169073515,8
172.38,13.61,172.37,156.76,4.14,1006.3,856.4,56,35.852751999999995,0.9093862397029816,4.02535169073515,7
173.54,50.05,173.53,164.77,6.47,1006.2,793.5,56,53.77223324,0.9494641004955632,4.02535169073515,7
167.0,75.4,167.0,164.03,7.91,1007.3,770.1,56,53.46196904,0.9822155688622756,4.02535169073515,7
173.81,93.37,159.9,172.34,9.73,1007.2,746.6,56,48.9872698,0.991542488924688,4.02535169073515,7
190.34,0.0,125.18,166.61,9.88,1079.0,798.9,56,31.715896,0.8753283597772408,4.02535169073515,7
250.0,0.0,95.69,191.84,5.33,948.9,857.2,56,39.64487,0.76736,4.02535169073515,6
213.5,0.0,174.24,159.21,11.66,1043.6,771.9,56,51.25564584,0.7457142857142858,4.02535169073515,5
194.68,0.0,100.52,170.17,7.48,998.0,901.8,56,43.38872468,0.8741010889665091,4.02535169073515,7
251.37,0.0,118.27,192.94,5.75,1043.6,754.3,56,39.2656582,0.76755380514779,4.02535169073515,6
165.0,0.02,143.57,163.81,0.0,1005.6,900.9,100,37.9556538,0.9927878787878788,4.605170185988092,7
165.0,128.5,132.1,175.06,8.08,1005.8,746.6,100,55.0201848,1.060969696969697,4.605170185988092,8
178.03,129.8,118.6,179.94,3.57,1007.3,746.8,100,49.99390476,1.0107285288996235,4.605170185988092,8
167.35,129.9,128.62,175.46,7.79,1006.3,746.6,100,53.65502232,1.0484613086345982,4.605170185988092,8
172.38,13.61,172.37,156.76,4.14,1006.3,856.4,100,37.6798634,0.9093862397029816,4.605170185988092,7
173.54,50.05,173.53,164.77,6.47,1006.2,793.5,100,56.06129356,0.9494641004955632,4.605170185988092,7
167.0,75.4,167.0,164.03,7.91,1007.3,770.1,100,56.8128224,0.9822155688622756,4.605170185988092,7
173.81,93.37,159.9,172.34,9.73,1007.2,746.6,100,50.93848688,0.991542488924688,4.605170185988092,7
190.34,0.0,125.18,166.61,9.88,1079.0,798.9,100,33.56369168,0.8753283597772408,4.605170185988092,7
250.0,0.0,95.69,191.84,5.33,948.9,857.2,100,41.1617172,0.76736,4.605170185988092,6
213.5,0.0,174.24,159.21,11.66,1043.6,771.9,100,52.95865156,0.7457142857142858,4.605170185988092,5
194.68,0.0,100.52,170.17,7.48,998.0,901.8,100,44.27814872,0.8741010889665091,4.605170185988092,7
251.37,0.0,118.27,192.94,5.75,1043.6,754.3,100,40.14818748,0.76755380514779,4.605170185988092,6
446.0,24.0,79.0,162.0,11.61,967.0,712.0,28,57.02655996,0.3632286995515695,3.332204510175204,0
446.0,24.0,79.0,162.0,11.64,967.0,712.0,28,44.42293868,0.3632286995515695,3.332204510175204,0
446.0,24.0,79.0,162.0,11.64,967.0,712.0,28,51.021224,0.3632286995515695,3.332204510175204,0
446.0,24.0,79.0,162.0,10.3,967.0,712.0,28,53.38612668,0.3632286995515695,3.332204510175204,0
446.0,24.0,79.0,162.0,11.61,967.0,712.0,3,35.36322404,0.3632286995515695,1.0986122886681098,0
446.0,24.0,79.0,162.0,11.64,967.0,712.0,3,25.02108404,0.3632286995515695,1.0986122886681098,0
446.0,24.0,79.0,162.0,11.64,967.0,712.0,3,23.34565736,0.3632286995515695,1.0986122886681098,0
446.0,24.0,79.0,162.0,11.61,967.0,712.0,7,52.00717468,0.3632286995515695,1.9459101490553128,0
446.0,24.0,79.0,162.0,11.64,967.0,712.0,7,38.01770664,0.3632286995515695,1.9459101490553128,0
446.0,24.0,79.0,162.0,11.64,967.0,712.0,7,39.300132,0.3632286995515695,1.9459101490553128,0
446.0,24.0,79.0,162.0,11.61,967.0,712.0,56,61.06688932,0.3632286995515695,4.02535169073515,0
446.0,24.0,79.0,162.0,11.64,967.0,712.0,56,56.14403068,0.3632286995515695,4.02535169073515,0
446.0,24.0,79.0,162.0,11.64,967.0,712.0,56,55.25460664,0.3632286995515695,4.02535169073515,0
446.0,24.0,79.0,162.0,10.3,967.0,712.0,56,54.76507868,0.3632286995515695,4.02535169073515,0
387.0,20.0,94.0,157.0,14.32,938.0,845.0,28,50.23522136,0.4056847545219638,3.332204510175204,1
387.0,20.0,94.0,157.0,13.93,938.0,845.0,28,46.68441996,0.4056847545219638,3.332204510175204,1
387.0,20.0,94.0,157.0,11.61,938.0,845.0,28,46.68441996,0.4056847545219638,3.332204510175204,1
387.0,20.0,94.0,157.0,14.32,938.0,845.0,3,22.752708,0.4056847545219638,1.0986122886681098,1
387.0,20.0,94.0,157.0,13.93,938.0,845.0,3,25.510612,0.4056847545219638,1.0986122886681098,1
387.0,20.0,94.0,157.0,11.61,938.0,845.0,3,34.77027468,0.4056847545219638,1.0986122886681098,1
387.0,20.0,94.0,157.0,14.32,938.0,845.0,7,36.83870268,0.4056847545219638,1.9459101490553128,1
387.0,20.0,94.0,157.0,13.93,938.0,845.0,7,45.89841732,0.4056847545219638,1.9459101490553128,1
387.0,20.0,94.0,157.0,11.61,938.0,845.0,7,41.66503468,0.4056847545219638,1.9459101490553128,1
387.0,20.0,94.0,157.0,14.32,938.0,845.0,56,56.33708396,0.4056847545219638,4.02535169073515,1
387.0,20.0,94.0,157.0,13.93,938.0,845.0,56,47.96684532,0.4056847545219638,4.02535169073515,1
387.0,20.0,94.0,157.0,11.61,938.0,845.0,56,61.45989064,0.4056847545219638,4.02535169073515,1
355.0,19.0,97.0,145.0,13.13,967.0,871.0,28,44.02993736,0.4084507042253521,3.332204510175204,1
355.0,19.0,97.0,145.0,12.25,967.0,871.0,28,55.45455468,0.4084507042253521,3.332204510175204,1
491.0,26.0,123.0,210.0,3.93,882.0,699.0,28,55.55108132,0.4276985743380855,3.332204510175204,1
491.0,26.0,123.0,201.0,3.93,822.0,699.0,28,57.915984,0.4093686354378819,3.332204510175204,1
491.0,26.0,123.0,210.0,3.93,882.0,699.0,3,25.60910856945864,0.4276985743380855,1.0986122886681098,1
491.0,26.0,123.0,210.0,3.93,882.0,699.0,7,33.488834284729315,0.4276985743380855,1.9459101490553128,1
491.0,26.0,123.0,210.0,3.93,882.0,699.0,56,59.59042571527068,0.4276985743380855,4.02535169073515,1
491.0,26.0,123.0,201.0,3.93,822.0,699.0,3,29.54897143054136,0.4093686354378819,1.0986122886681098,1
491.0,26.0,123.0,201.0,3.93,822.0,699.0,7,37.92118,0.4093686354378819,1.9459101490553128,1
491.0,26.0,123.0,201.0,3.93,822.0,699.0,56,61.85584685418796,0.4093686354378819,4.02535169073515,1
424.0,22.0,132.0,178.0,8.48,822.0,750.0,28,62.05284,0.419811320754717,3.332204510175204,1
424.0,22.0,132.0,178.0,8.48,882.0,750.0,3,32.01138571527068,0.419811320754717,1.0986122886681098,1
424.0,22.0,132.0,168.0,8.92,822.0,750.0,28,72.09850532,0.3962264150943396,3.332204510175204,0
424.0,22.0,132.0,178.0,8.48,822.0,750.0,7,39.004642284729314,0.419811320754717,1.9459101490553128,1
424.0,22.0,132.0,178.0,8.48,822.0,750.0,56,65.69721314581203,0.419811320754717,4.02535169073515,1
424.0,22.0,132.0,168.0,8.92,822.0,750.0,3,32.10988228472932,0.3962264150943396,1.0986122886681098,0
424.0,22.0,132.0,168.0,8.92,822.0,750.0,7,40.28509771527068,0.3962264150943396,1.9459101490553128,0
424.0,22.0,132.0,168.0,8.92,822.0,750.0,56,74.3649114581204,0.3962264150943396,4.02535169073515,0
202.0,11.0,141.0,206.0,1.72,942.0,801.0,28,21.96670536,1.0198019801980198,3.332204510175204,8
202.0,11.0,141.0,206.0,1.72,942.0,801.0,3,9.84965714581204,1.0198019801980198,1.0986122886681098,8
202.0,11.0,141.0,206.0,1.72,942.0,801.0,7,15.069975430541358,1.0198019801980198,1.9459101490553128,8
202.0,11.0,141.0,206.0,1.72,942.0,801.0,56,23.24519085418796,1.0198019801980198,4.02535169073515,8
284.0,15.0,141.0,179.0,5.46,842.0,801.0,28,43.73346268,0.6302816901408451,3.332204510175204,4
284.0,15.0,141.0,179.0,5.46,842.0,801.0,3,13.39553371527068,0.6302816901408451,1.0986122886681098,4
284.0,15.0,141.0,179.0,5.46,842.0,801.0,7,24.13166,0.6302816901408451,1.9459101490553128,4
284.0,15.0,141.0,179.0,5.46,842.0,801.0,56,44.520450284729314,0.6302816901408451,4.02535169073515,4
359.0,19.0,141.0,154.0,10.91,942.0,801.0,28,62.93536928,0.4289693593314763,3.332204510175204,1
359.0,19.0,141.0,154.0,10.91,942.0,801.0,28,59.49488404,0.4289693593314763,3.332204510175204,1
359.0,19.0,141.0,154.0,10.91,942.0,801.0,3,25.11662571527068,0.4289693593314763,1.0986122886681098,1
359.0,19.0,141.0,154.0,10.91,942.0,801.0,3,23.63917714581204,0.4289693593314763,1.0986122886681098,1
359.0,19.0,141.0,154.0,10.91,942.0,801.0,7,35.75425543054136,0.4289693593314763,1.9459101490553128,1
359.0,19.0,141.0,154.0,10.91,942.0,801.0,7,38.610656,0.4289693593314763,1.9459101490553128,1
359.0,19.0,141.0,154.0,10.91,942.0,801.0,56,68.75060685418796,0.4289693593314763,4.02535169073515,1
359.0,19.0,141.0,154.0,10.91,942.0,801.0,56,66.78067543054136,0.4289693593314763,4.02535169073515,1
436.0,0.0,0.0,218.0,0.0,838.4,719.7,28,23.84897484,0.5,3.332204510175204,2
289.0,0.0,0.0,192.0,0.0,913.2,895.3,90,32.068218236,0.6643598615916955,4.499809670330265,4
289.0,0.0,0.0,192.0,0.0,913.2,895.3,3,11.654902304,0.6643598615916955,1.0986122886681098,4
393.0,0.0,0.0,192.0,0.0,940.6,785.6,3,19.199148696,0.4885496183206106,1.0986122886681098,2
393.0,0.0,0.0,192.0,0.0,940.6,785.6,90,48.846616696,0.4885496183206106,4.499809670330265,2
393.0,0.0,0.0,192.0,0.0,940.6,785.6,28,39.604880392,0.4885496183206106,3.332204510175204,2
480.0,0.0,0.0,192.0,0.0,936.2,712.2,28,43.942373908,0.4,3.332204510175204,0
480.0,0.0,0.0,192.0,0.0,936.2,712.2,7,34.569637164,0.4,1.9459101490553128,0
480.0,0.0,0.0,192.0,0.0,936.2,712.2,90,54.315540328,0.4,4.499809670330265,0
480.0,0.0,0.0,192.0,0.0,936.2,712.2,3,24.404692496,0.4,1.0986122886681098,0
333.0,0.0,0.0,192.0,0.0,931.2,842.6,3,15.615941924,0.5765765765765766,1.0986122886681098,3
255.0,0.0,0.0,192.0,0.0,889.8,945.0,90,21.859147104,0.7529411764705882,4.499809670330265,6
255.0,0.0,0.0,192.0,0.0,889.8,945.0,7,10.222171176,0.7529411764705882,1.9459101490553128,6
289.0,0.0,0.0,192.0,0.0,913.2,895.3,7,14.596896395999998,0.6643598615916955,1.9459101490553128,4
255.0,0.0,0.0,192.0,0.0,889.8,945.0,28,18.746162964,0.7529411764705882,3.332204510175204,6
333.0,0.0,0.0,192.0,0.0,931.2,842.6,28,31.966865264,0.5765765765765766,3.332204510175204,3
333.0,0.0,0.0,192.0,0.0,931.2,842.6,7,23.404952296,0.5765765765765766,1.9459101490553128,3
289.0,0.0,0.0,192.0,0.0,913.2,895.3,28,25.573354316,0.6643598615916955,3.332204510175204,4
333.0,0.0,0.0,192.0,0.0,931.2,842.6,90,41.680203152,0.5765765765765766,4.499809670330265,3
393.0,0.0,0.0,192.0,0.0,940.6,785.6,7,27.742445812,0.4885496183206106,1.9459101490553128,2
255.0,0.0,0.0,192.0,0.0,889.8,945.0,3,8.204074924,0.7529411764705882,1.0986122886681098,6
158.8,238.2,0.0,185.7,0.0,1040.6,734.3,7,9.617500724,1.169395465994962,1.9459101490553128,8
239.6,359.4,0.0,185.7,0.0,941.6,664.3,7,25.422359072,0.7750417362270451,1.9459101490553128,6
238.2,158.8,0.0,185.7,0.0,1040.6,734.3,7,15.691094808,0.7795969773299748,1.9459101490553128,6
181.9,272.8,0.0,185.7,0.0,1012.4,714.3,28,27.935499092,1.0208905992303463,3.332204510175204,8
193.5,290.2,0.0,185.7,0.0,998.2,704.3,28,32.626693796000005,0.95968992248062,3.332204510175204,7
255.5,170.3,0.0,185.7,0.0,1026.6,724.3,7,17.236210524,0.7268101761252446,1.9459101490553128,5
272.8,181.9,0.0,185.7,0.0,1012.4,714.3,7,19.765208492,0.6807184750733137,1.9459101490553128,5
239.6,359.4,0.0,185.7,0.0,941.6,664.3,28,39.435269296,0.7750417362270451,3.332204510175204,6
220.8,147.2,0.0,185.7,0.0,1055.0,744.3,28,25.74503384,0.8410326086956521,3.332204510175204,6
397.0,0.0,0.0,185.7,0.0,1040.6,734.3,28,33.082437432,0.4677581863979848,3.332204510175204,1
382.5,0.0,0.0,185.7,0.0,1047.8,739.3,7,24.065470304,0.4854901960784313,1.9459101490553128,2
210.7,316.1,0.0,185.7,0.0,977.0,689.3,7,21.819846972,0.8813478879924063,1.9459101490553128,7
158.8,238.2,0.0,185.7,0.0,1040.6,734.3,28,21.066249704,1.169395465994962,3.332204510175204,8
295.8,0.0,0.0,185.7,0.0,1091.4,769.3,7,14.843728804,0.627789046653144,1.9459101490553128,4
255.5,170.3,0.0,185.7,0.0,1026.6,724.3,28,32.051670812,0.7268101761252446,3.332204510175204,5
203.5,135.7,0.0,185.7,0.0,1076.2,759.3,7,11.957582268,0.9125307125307124,1.9459101490553128,7
397.0,0.0,0.0,185.7,0.0,1040.6,734.3,7,25.447869684,0.4677581863979848,1.9459101490553128,1
381.4,0.0,0.0,185.7,0.0,1104.6,784.3,28,22.489328168,0.4868904037755637,3.332204510175204,2
295.8,0.0,0.0,185.7,0.0,1091.4,769.3,28,25.216895224,0.627789046653144,3.332204510175204,4
228.0,342.1,0.0,185.7,0.0,955.8,674.3,28,39.699338604,0.8144736842105262,3.332204510175204,6
220.8,147.2,0.0,185.7,0.0,1055.0,744.3,7,13.089012384,0.8410326086956521,1.9459101490553128,6
316.1,210.7,0.0,185.7,0.0,977.0,689.3,28,38.70028788,0.5874723188864283,3.332204510175204,3
135.7,203.5,0.0,185.7,0.0,1076.2,759.3,7,7.507014687999999,1.3684598378776711,1.9459101490553128,9
238.1,0.0,0.0,185.7,0.0,1118.8,789.3,28,17.576122192,0.7799244015119697,3.332204510175204,6
339.2,0.0,0.0,185.7,0.0,1069.2,754.3,7,21.179323768,0.5474646226415094,1.9459101490553128,2
135.7,203.5,0.0,185.7,0.0,1076.2,759.3,28,18.19871902,1.3684598378776711,3.332204510175204,9
193.5,290.2,0.0,185.7,0.0,998.2,704.3,7,17.200357771999997,0.95968992248062,1.9459101490553128,7
203.5,135.7,0.0,185.7,0.0,1076.2,759.3,28,22.629981272,0.9125307125307124,3.332204510175204,7
290.2,193.5,0.0,185.7,0.0,998.2,704.3,7,21.859147104,0.6399035148173673,1.9459101490553128,4
181.9,272.8,0.0,185.7,0.0,1012.4,714.3,7,12.37264682,1.0208905992303463,1.9459101490553128,8
170.3,155.5,0.0,185.7,0.0,1026.6,724.3,28,25.726417988,1.0904286553141511,3.332204510175204,8
210.7,316.1,0.0,185.7,0.0,977.0,689.3,28,37.813621744,0.8813478879924063,3.332204510175204,7
228.0,342.1,0.0,185.7,0.0,955.8,674.3,7,21.917063088,0.8144736842105262,1.9459101490553128,6
290.2,193.5,0.0,185.7,0.0,998.2,704.3,28,33.0431373,0.6399035148173673,3.332204510175204,4
381.4,0.0,0.0,185.7,0.0,1104.6,784.3,7,14.54104884,0.4868904037755637,1.9459101490553128,2
238.2,158.8,0.0,185.7,0.0,1040.6,734.3,28,26.91369566,0.7795969773299748,3.332204510175204,6
186.2,124.1,0.0,185.7,0.0,1083.4,764.3,7,7.995853172,0.9973147153598282,1.9459101490553128,7
339.2,0.0,0.0,185.7,0.0,1069.2,754.3,28,31.899986092,0.5474646226415094,3.332204510175204,2
238.1,0.0,0.0,185.7,0.0,1118.8,789.3,7,10.335934716,0.7799244015119697,1.9459101490553128,6
252.5,0.0,0.0,185.7,0.0,1111.6,784.3,28,19.765208492,0.7354455445544554,3.332204510175204,5
382.5,0.0,0.0,185.7,0.0,1047.8,739.3,28,37.437857324,0.4854901960784313,3.332204510175204,2
252.5,0.0,0.0,185.7,0.0,1111.6,784.3,7,11.483912255999998,0.7354455445544554,1.9459101490553128,5
316.1,210.7,0.0,185.7,0.0,977.0,689.3,7,24.437787344,0.5874723188864283,1.9459101490553128,3
186.2,124.1,0.0,185.7,0.0,1083.4,764.3,28,17.596806471999997,0.9973147153598282,3.332204510175204,7
170.3,155.5,0.0,185.7,0.0,1026.6,724.3,7,10.730314988,1.0904286553141511,1.9459101490553128,8
272.8,181.9,0.0,185.7,0.0,1012.4,714.3,28,31.38150014,0.6807184750733137,3.332204510175204,5
339.0,0.0,0.0,197.0,0.0,968.0,781.0,3,13.22414968,0.5811209439528023,1.0986122886681098,3
339.0,0.0,0.0,197.0,0.0,968.0,781.0,7,20.96696516,0.5811209439528023,1.9459101490553128,3
339.0,0.0,0.0,197.0,0.0,968.0,781.0,14,27.04124872,0.5811209439528023,2.6390573296152584,3
339.0,0.0,0.0,197.0,0.0,968.0,781.0,28,32.03994972,0.5811209439528023,3.332204510175204,3
339.0,0.0,0.0,197.0,0.0,968.0,781.0,90,35.17017076,0.5811209439528023,4.499809670330265,3
339.0,0.0,0.0,197.0,0.0,968.0,781.0,180,36.44570136,0.5811209439528023,5.19295685089021,3
339.0,0.0,0.0,197.0,0.0,968.0,781.0,365,38.89334116,0.5811209439528023,5.899897353582492,3
236.0,0.0,0.0,194.0,0.0,968.0,885.0,3,6.467284879999999,0.8220338983050848,1.0986122886681098,6
236.0,0.0,0.0,194.0,0.0,968.0,885.0,14,12.83804312,0.8220338983050848,2.6390573296152584,6
236.0,0.0,0.0,194.0,0.0,968.0,885.0,28,18.41590396,0.8220338983050848,3.332204510175204,6
236.0,0.0,0.0,194.0,0.0,968.0,885.0,90,21.94602108,0.8220338983050848,4.499809670330265,6
236.0,0.0,0.0,193.0,0.0,968.0,885.0,180,24.10408096,0.8177966101694916,5.19295685089021,6
236.0,0.0,0.0,193.0,0.0,968.0,885.0,365,25.08313688,0.8177966101694916,5.899897353582492,6
277.0,0.0,0.0,191.0,0.0,968.0,856.0,14,21.26343984,0.6895306859205776,2.6390573296152584,5
277.0,0.0,0.0,191.0,0.0,968.0,856.0,28,25.96566616,0.6895306859205776,3.332204510175204,5
277.0,0.0,0.0,191.0,0.0,968.0,856.0,3,11.36256448,0.6895306859205776,1.0986122886681098,5
277.0,0.0,0.0,191.0,0.0,968.0,856.0,90,31.25394708,0.6895306859205776,4.499809670330265,5
277.0,0.0,0.0,191.0,0.0,968.0,856.0,180,32.32952964,0.6895306859205776,5.19295685089021,5
277.0,0.0,0.0,191.0,0.0,968.0,856.0,360,33.70158688,0.6895306859205776,5.886104031450156,5
254.0,0.0,0.0,198.0,0.0,968.0,863.0,3,9.307926,0.7795275590551181,1.0986122886681098,6
254.0,0.0,0.0,198.0,0.0,968.0,863.0,90,26.94472208,0.7795275590551181,4.499809670330265,6
254.0,0.0,0.0,198.0,0.0,968.0,863.0,180,27.62730332,0.7795275590551181,5.19295685089021,6
254.0,0.0,0.0,198.0,0.0,968.0,863.0,365,29.7853632,0.7795275590551181,5.899897353582492,6
307.0,0.0,0.0,193.0,0.0,968.0,812.0,180,34.48758952,0.6286644951140065,5.19295685089021,4
307.0,0.0,0.0,193.0,0.0,968.0,812.0,365,36.14922668,0.6286644951140065,5.899897353582492,4
307.0,0.0,0.0,193.0,0.0,968.0,812.0,3,12.54156844,0.6286644951140065,1.0986122886681098,4
307.0,0.0,0.0,193.0,0.0,968.0,812.0,28,27.53077668,0.6286644951140065,3.332204510175204,4
307.0,0.0,0.0,193.0,0.0,968.0,812.0,90,32.922479,0.6286644951140065,4.499809670330265,4
236.0,0.0,0.0,193.0,0.0,968.0,885.0,7,9.99050724,0.8177966101694916,1.9459101490553128,6
200.0,0.0,0.0,180.0,0.0,1125.0,845.0,7,7.839342119999999,0.9,1.9459101490553128,7
200.0,0.0,0.0,180.0,0.0,1125.0,845.0,28,12.24509376,0.9,3.332204510175204,7
225.0,0.0,0.0,181.0,0.0,1113.0,833.0,7,11.1695112,0.8044444444444444,1.9459101490553128,6
225.0,0.0,0.0,181.0,0.0,1113.0,833.0,28,17.3403214,0.8044444444444444,3.332204510175204,6
325.0,0.0,0.0,184.0,0.0,1063.0,783.0,7,17.54026944,0.5661538461538461,1.9459101490553128,2
325.0,0.0,0.0,184.0,0.0,1063.0,783.0,28,30.57136584,0.5661538461538461,3.332204510175204,2
275.0,0.0,0.0,183.0,0.0,1088.0,808.0,7,14.2032056,0.6654545454545454,1.9459101490553128,4
275.0,0.0,0.0,183.0,0.0,1088.0,808.0,28,24.49708228,0.6654545454545454,3.332204510175204,4
300.0,0.0,0.0,184.0,0.0,1075.0,795.0,7,15.57526284,0.6133333333333333,1.9459101490553128,4
300.0,0.0,0.0,184.0,0.0,1075.0,795.0,28,26.84819544,0.6133333333333333,3.332204510175204,4
375.0,0.0,0.0,186.0,0.0,1038.0,758.0,7,26.0621928,0.496,1.9459101490553128,2
375.0,0.0,0.0,186.0,0.0,1038.0,758.0,28,38.21075992,0.496,3.332204510175204,2
400.0,0.0,0.0,187.0,0.0,1025.0,745.0,28,43.69898888,0.4675,3.332204510175204,1
400.0,0.0,0.0,187.0,0.0,1025.0,745.0,7,30.14389072,0.4675,1.9459101490553128,1
250.0,0.0,0.0,182.0,0.0,1100.0,820.0,7,12.73462172,0.728,1.9459101490553128,5
250.0,0.0,0.0,182.0,0.0,1100.0,820.0,28,20.87043852,0.728,3.332204510175204,5
350.0,0.0,0.0,186.0,0.0,1050.0,770.0,7,20.27748916,0.5314285714285715,1.9459101490553128,2
350.0,0.0,0.0,186.0,0.0,1050.0,770.0,28,34.29453624,0.5314285714285715,3.332204510175204,2
203.5,305.3,0.0,203.5,0.0,963.4,630.0,7,19.539060364,1.0,1.9459101490553128,8
250.2,166.8,0.0,203.5,0.0,977.6,694.1,90,47.714497104,0.8133493205435652,4.499809670330265,6
157.0,236.0,0.0,192.0,0.0,935.4,781.2,90,43.377003588,1.2229299363057324,4.499809670330265,9
141.3,212.0,0.0,203.5,0.0,971.8,748.5,28,29.89223198,1.4401981599433828,3.332204510175204,9
166.8,250.2,0.0,203.5,0.0,975.6,692.6,3,6.902344236,1.2200239808153477,1.0986122886681098,8
122.6,183.9,0.0,203.5,0.0,958.2,800.1,90,33.192064116000005,1.6598694942903751,4.499809670330265,9
183.9,122.6,0.0,203.5,0.0,959.2,800.0,3,4.9035533120000006,1.10657966286025,1.0986122886681098,8
102.0,153.0,0.0,192.0,0.0,887.0,942.0,3,4.565020596,1.8823529411764703,1.0986122886681098,9
102.0,153.0,0.0,192.0,0.0,887.0,942.0,90,25.460969728,1.8823529411764703,4.499809670330265,9
122.6,183.9,0.0,203.5,0.0,958.2,800.1,28,24.290928956,1.6598694942903751,3.332204510175204,9
166.8,250.2,0.0,203.5,0.0,975.6,692.6,28,33.947729812,1.2200239808153477,3.332204510175204,8
200.0,133.0,0.0,192.0,0.0,965.4,806.2,3,11.41427518,0.96,1.0986122886681098,7
108.3,162.4,0.0,203.5,0.0,938.2,849.0,28,20.593958644,1.879039704524469,3.332204510175204,9
305.3,203.5,0.0,203.5,0.0,965.4,631.0,7,25.893960656,0.6665574844415328,1.9459101490553128,4
108.3,162.4,0.0,203.5,0.0,938.2,849.0,90,29.231713972,1.879039704524469,4.499809670330265,9
116.0,173.0,0.0,192.0,0.0,909.8,891.9,90,31.023662096,1.6551724137931034,4.499809670330265,9
141.3,212.0,0.0,203.5,0.0,971.8,748.5,7,10.3938507,1.4401981599433828,1.9459101490553128,9
157.0,236.0,0.0,192.0,0.0,935.4,781.2,28,33.664355176,1.2229299363057324,3.332204510175204,9
133.0,200.0,0.0,192.0,0.0,927.4,839.2,28,27.874825204,1.443609022556391,3.332204510175204,9
250.2,166.8,0.0,203.5,0.0,977.6,694.1,7,19.35014394,0.8133493205435652,1.9459101490553128,6
173.0,116.0,0.0,192.0,0.0,946.8,856.8,7,11.392211948,1.1098265895953756,1.9459101490553128,8
192.0,288.0,0.0,192.0,0.0,929.8,716.1,3,12.788400847999998,1.0,1.0986122886681098,8
192.0,288.0,0.0,192.0,0.0,929.8,716.1,28,39.321505756,1.0,3.332204510175204,8
153.0,102.0,0.0,192.0,0.0,888.0,943.1,3,4.782205536,1.2549019607843137,1.0986122886681098,9
288.0,192.0,0.0,192.0,0.0,932.0,717.8,3,16.10960674,0.6666666666666666,1.0986122886681098,4
305.3,203.5,0.0,203.5,0.0,965.4,631.0,28,43.377003588,0.6665574844415328,3.332204510175204,4
236.0,157.0,0.0,192.0,0.0,972.6,749.1,7,20.416073836,0.8135593220338984,1.9459101490553128,6
173.0,116.0,0.0,192.0,0.0,946.8,856.8,3,6.940954892,1.1098265895953756,1.0986122886681098,8
212.0,141.3,0.0,203.5,0.0,973.4,750.0,7,15.0305768,0.9599056603773584,1.9459101490553128,7
236.0,157.0,0.0,192.0,0.0,972.6,749.1,3,13.5654403,0.8135593220338984,1.0986122886681098,6
183.9,122.6,0.0,203.5,0.0,959.2,800.0,90,32.53292506,1.10657966286025,4.499809670330265,8
166.8,250.2,0.0,203.5,0.0,975.6,692.6,7,15.748321315999998,1.2200239808153477,1.9459101490553128,8
102.0,153.0,0.0,192.0,0.0,887.0,942.0,7,7.675936308,1.8823529411764703,1.9459101490553128,9
288.0,192.0,0.0,192.0,0.0,932.0,717.8,28,38.804398756000005,0.6666666666666666,3.332204510175204,4
212.0,141.3,0.0,203.5,0.0,973.4,750.0,28,33.003837168,0.9599056603773584,3.332204510175204,7
102.0,153.0,0.0,192.0,0.0,887.0,942.0,28,17.275510655999998,1.8823529411764703,3.332204510175204,9
173.0,116.0,0.0,192.0,0.0,946.8,856.8,28,24.281965768,1.1098265895953756,3.332204510175204,8
183.9,122.6,0.0,203.5,0.0,959.2,800.0,28,24.046164976,1.10657966286025,3.332204510175204,8
133.0,200.0,0.0,192.0,0.0,927.4,839.2,90,36.588422892,1.443609022556391,4.499809670330265,9
192.0,288.0,0.0,192.0,0.0,929.8,716.1,90,50.732333556,1.0,4.499809670330265,8
133.0,200.0,0.0,192.0,0.0,927.4,839.2,7,13.664035368,1.443609022556391,1.9459101490553128,9
305.3,203.5,0.0,203.5,0.0,965.4,631.0,3,14.143910664,0.6665574844415328,1.0986122886681098,4
236.0,157.0,0.0,192.0,0.0,972.6,749.1,90,47.782065752,0.8135593220338984,4.499809670330265,6
108.3,162.4,0.0,203.5,0.0,938.2,849.0,3,2.331807832,1.879039704524469,1.0986122886681098,9
157.0,236.0,0.0,192.0,0.0,935.4,781.2,7,16.889404096,1.2229299363057324,1.9459101490553128,9
288.0,192.0,0.0,192.0,0.0,932.0,717.8,7,23.523542168,0.6666666666666666,1.9459101490553128,4
212.0,141.3,0.0,203.5,0.0,973.4,750.0,3,6.8085755,0.9599056603773584,1.0986122886681098,7
212.0,141.3,0.0,203.5,0.0,973.4,750.0,90,39.70002808,0.9599056603773584,4.499809670330265,7
153.0,102.0,0.0,192.0,0.0,888.0,943.1,28,17.96429718,1.2549019607843137,3.332204510175204,9
236.0,157.0,0.0,192.0,0.0,972.6,749.1,28,32.88455782,0.8135593220338984,3.332204510175204,6
116.0,173.0,0.0,192.0,0.0,909.8,891.9,28,22.347985588,1.6551724137931034,3.332204510175204,9
183.9,122.6,0.0,203.5,0.0,959.2,800.0,7,10.787541496,1.10657966286025,1.9459101490553128,8
108.3,162.4,0.0,203.5,0.0,938.2,849.0,7,7.723510152,1.879039704524469,1.9459101490553128,9
203.5,305.3,0.0,203.5,0.0,963.4,630.0,28,41.684340008,1.0,3.332204510175204,8
203.5,305.3,0.0,203.5,0.0,963.4,630.0,3,9.561653168,1.0,1.0986122886681098,8
133.0,200.0,0.0,192.0,0.0,927.4,839.2,3,6.883728383999999,1.443609022556391,1.0986122886681098,9
288.0,192.0,0.0,192.0,0.0,932.0,717.8,90,50.526869708,0.6666666666666666,4.499809670330265,4
200.0,133.0,0.0,192.0,0.0,965.4,806.2,7,17.165883972,0.96,1.9459101490553128,7
200.0,133.0,0.0,192.0,0.0,965.4,806.2,28,30.439675924,0.96,3.332204510175204,7
250.2,166.8,0.0,203.5,0.0,977.6,694.1,3,9.731264264,0.8133493205435652,1.0986122886681098,6
122.6,183.9,0.0,203.5,0.0,958.2,800.1,3,3.31982694,1.6598694942903751,1.0986122886681098,9
153.0,102.0,0.0,192.0,0.0,888.0,943.1,90,26.322814728,1.2549019607843137,4.499809670330265,9
200.0,133.0,0.0,192.0,0.0,965.4,806.2,90,43.25082948,0.96,4.499809670330265,7
116.0,173.0,0.0,192.0,0.0,909.8,891.9,3,6.280436883999999,1.6551724137931034,1.0986122886681098,9
173.0,116.0,0.0,192.0,0.0,946.8,856.8,90,32.102692036,1.1098265895953756,4.499809670330265,8
250.2,166.8,0.0,203.5,0.0,977.6,694.1,28,36.964187312,0.8133493205435652,3.332204510175204,6
305.3,203.5,0.0,203.5,0.0,965.4,631.0,90,54.598914964,0.6665574844415328,4.499809670330265,4
192.0,288.0,0.0,192.0,0.0,929.8,716.1,7,21.48062478,1.0,1.9459101490553128,8
157.0,236.0,0.0,192.0,0.0,935.4,781.2,3,9.694722036,1.2229299363057324,1.0986122886681098,9
153.0,102.0,0.0,192.0,0.0,888.0,943.1,7,8.374375495999999,1.2549019607843137,1.9459101490553128,9
141.3,212.0,0.0,203.5,0.0,971.8,748.5,90,39.6621069,1.4401981599433828,4.499809670330265,9
116.0,173.0,0.0,192.0,0.0,909.8,891.9,7,10.089791784,1.6551724137931034,1.9459101490553128,9
141.3,212.0,0.0,203.5,0.0,971.8,748.5,3,4.827710952,1.4401981599433828,1.0986122886681098,9
122.6,183.9,0.0,203.5,0.0,958.2,800.1,7,10.354550568,1.6598694942903751,1.9459101490553128,9
166.8,250.2,0.0,203.5,0.0,975.6,692.6,90,43.565230536,1.2200239808153477,4.499809670330265,8
203.5,305.3,0.0,203.5,0.0,963.4,630.0,90,51.863763672,1.0,4.499809670330265,8
310.0,0.0,0.0,192.0,0.0,1012.0,830.0,3,11.85209244,0.6193548387096774,1.0986122886681098,4
310.0,0.0,0.0,192.0,0.0,1012.0,830.0,7,17.24379476,0.6193548387096774,1.9459101490553128,4
310.0,0.0,0.0,192.0,0.0,1012.0,830.0,28,27.82725136,0.6193548387096774,3.332204510175204,4
310.0,0.0,0.0,192.0,0.0,1012.0,830.0,90,35.76312012,0.6193548387096774,4.499809670330265,4
310.0,0.0,0.0,192.0,0.0,1012.0,830.0,120,38.70028788,0.6193548387096774,4.787491742782046,4
331.0,0.0,0.0,192.0,0.0,1025.0,821.0,3,14.306627,0.5800604229607251,1.0986122886681098,3
331.0,0.0,0.0,192.0,0.0,1025.0,821.0,7,17.43684804,0.5800604229607251,1.9459101490553128,3
331.0,0.0,0.0,192.0,0.0,1025.0,821.0,28,31.74347504,0.5800604229607251,3.332204510175204,3
331.0,0.0,0.0,192.0,0.0,1025.0,821.0,90,37.91428524,0.5800604229607251,4.499809670330265,3
331.0,0.0,0.0,192.0,0.0,1025.0,821.0,120,39.38286912,0.5800604229607251,4.787491742782046,3
349.0,0.0,0.0,192.0,0.0,1056.0,809.0,3,15.87173752,0.5501432664756447,1.0986122886681098,2
349.0,0.0,0.0,192.0,0.0,1056.0,809.0,7,9.01145132,0.5501432664756447,1.9459101490553128,2
349.0,0.0,0.0,192.0,0.0,1056.0,809.0,28,33.60506024,0.5501432664756447,3.332204510175204,2
349.0,0.0,0.0,192.0,0.0,1056.0,809.0,90,40.65839972,0.5501432664756447,4.499809670330265,2
349.0,0.0,0.0,192.0,0.0,1056.0,809.0,120,40.85834776,0.5501432664756447,4.787491742782046,2
238.0,0.0,0.0,186.0,0.0,1119.0,789.0,7,12.05204048,0.7815126050420168,1.9459101490553128,6
238.0,0.0,0.0,186.0,0.0,1119.0,789.0,28,17.54026944,0.7815126050420168,3.332204510175204,6
296.0,0.0,0.0,186.0,0.0,1090.0,769.0,7,18.91232668,0.6283783783783784,1.9459101490553128,4
296.0,0.0,0.0,186.0,0.0,1090.0,769.0,28,25.17966352,0.6283783783783784,3.332204510175204,4
297.0,0.0,0.0,186.0,0.0,1040.0,734.0,7,30.9574724,0.6262626262626263,1.9459101490553128,4
480.0,0.0,0.0,192.0,0.0,936.0,721.0,28,43.89204216,0.4,3.332204510175204,0
480.0,0.0,0.0,192.0,0.0,936.0,721.0,90,54.27555072,0.4,4.499809670330265,0
397.0,0.0,0.0,186.0,0.0,1040.0,734.0,28,36.93522932,0.4685138539042821,3.332204510175204,1
281.0,0.0,0.0,186.0,0.0,1104.0,774.0,7,14.49968028,0.6619217081850534,1.9459101490553128,4
281.0,0.0,0.0,185.0,0.0,1104.0,774.0,28,22.43554904,0.6583629893238434,3.332204510175204,4
500.0,0.0,0.0,200.0,0.0,1125.0,613.0,1,12.63809508,0.4,0.0,0
500.0,0.0,0.0,200.0,0.0,1125.0,613.0,3,26.0621928,0.4,1.0986122886681098,0
500.0,0.0,0.0,200.0,0.0,1125.0,613.0,7,33.21205892,0.4,1.9459101490553128,0
500.0,0.0,0.0,200.0,0.0,1125.0,613.0,14,36.93522932,0.4,2.6390573296152584,0
500.0,0.0,0.0,200.0,0.0,1125.0,613.0,28,44.0919902,0.4,3.332204510175204,0
540.0,0.0,0.0,173.0,0.0,1125.0,613.0,7,52.61391356,0.3203703703703703,1.9459101490553128,0
540.0,0.0,0.0,173.0,0.0,1125.0,613.0,14,59.76377968,0.3203703703703703,2.6390573296152584,0
540.0,0.0,0.0,173.0,0.0,1125.0,613.0,28,67.30664712,0.3203703703703703,3.332204510175204,0
540.0,0.0,0.0,173.0,0.0,1125.0,613.0,90,69.65776027999999,0.3203703703703703,4.499809670330265,0
540.0,0.0,0.0,173.0,0.0,1125.0,613.0,180,71.62276688,0.3203703703703703,5.19295685089021,0
540.0,0.0,0.0,173.0,0.0,1125.0,613.0,270,74.16693332,0.3203703703703703,5.598421958998375,0
350.0,0.0,0.0,203.0,0.0,974.0,775.0,7,18.12632404,0.58,1.9459101490553128,3
350.0,0.0,0.0,203.0,0.0,974.0,775.0,14,22.53207568,0.58,2.6390573296152584,3
350.0,0.0,0.0,203.0,0.0,974.0,775.0,28,27.3377234,0.58,3.332204510175204,3
350.0,0.0,0.0,203.0,0.0,974.0,775.0,56,29.97841648,0.58,4.02535169073515,3
350.0,0.0,0.0,203.0,0.0,974.0,775.0,90,31.35047372,0.58,4.499809670330265,3
350.0,0.0,0.0,203.0,0.0,974.0,775.0,180,32.72253096,0.58,5.19295685089021,3
385.0,0.0,0.0,186.0,0.0,966.0,763.0,1,6.26733684,0.4831168831168831,0.0,2
385.0,0.0,0.0,186.0,0.0,966.0,763.0,3,14.69962832,0.4831168831168831,1.0986122886681098,2
385.0,0.0,0.0,186.0,0.0,966.0,763.0,7,23.22155168,0.4831168831168831,1.9459101490553128,2
385.0,0.0,0.0,186.0,0.0,966.0,763.0,14,27.923778,0.4831168831168831,2.6390573296152584,2
385.0,0.0,0.0,186.0,0.0,966.0,763.0,28,31.35047372,0.4831168831168831,3.332204510175204,2
331.0,0.0,0.0,192.0,0.0,978.0,825.0,180,38.99676256,0.5800604229607251,5.19295685089021,3
331.0,0.0,0.0,192.0,0.0,978.0,825.0,360,41.24445432,0.5800604229607251,5.886104031450156,3
349.0,0.0,0.0,192.0,0.0,1047.0,806.0,3,14.98920824,0.5501432664756447,1.0986122886681098,2
331.0,0.0,0.0,192.0,0.0,978.0,825.0,3,13.52062436,0.5800604229607251,1.0986122886681098,3
382.0,0.0,0.0,186.0,0.0,1047.0,739.0,7,24.00065956,0.4869109947643979,1.9459101490553128,2
382.0,0.0,0.0,186.0,0.0,1047.0,739.0,28,37.42475728,0.4869109947643979,3.332204510175204,2
382.0,0.0,0.0,186.0,0.0,1111.0,784.0,7,11.46598588,0.4869109947643979,1.9459101490553128,2
281.0,0.0,0.0,186.0,0.0,1104.0,774.0,28,22.43554904,0.6619217081850534,3.332204510175204,4
339.0,0.0,0.0,185.0,0.0,1069.0,754.0,7,21.16001844,0.5457227138643068,1.9459101490553128,2
339.0,0.0,0.0,185.0,0.0,1069.0,754.0,28,31.84000168,0.5457227138643068,3.332204510175204,2
295.0,0.0,0.0,185.0,0.0,1069.0,769.0,7,14.79615496,0.6271186440677966,1.9459101490553128,4
295.0,0.0,0.0,185.0,0.0,1069.0,769.0,28,25.17966352,0.6271186440677966,3.332204510175204,4
238.0,0.0,0.0,185.0,0.0,1118.0,789.0,28,17.54026944,0.7773109243697479,3.332204510175204,6
296.0,0.0,0.0,192.0,0.0,1085.0,765.0,7,14.2032056,0.6486486486486487,1.9459101490553128,4
296.0,0.0,0.0,192.0,0.0,1085.0,765.0,28,21.6495464,0.6486486486486487,3.332204510175204,4
296.0,0.0,0.0,192.0,0.0,1085.0,765.0,90,29.39236188,0.6486486486486487,4.499809670330265,4
331.0,0.0,0.0,192.0,0.0,879.0,825.0,3,13.52062436,0.5800604229607251,1.0986122886681098,3
331.0,0.0,0.0,192.0,0.0,978.0,825.0,7,16.26473884,0.5800604229607251,1.9459101490553128,3
331.0,0.0,0.0,192.0,0.0,978.0,825.0,28,31.44700036,0.5800604229607251,3.332204510175204,3
331.0,0.0,0.0,192.0,0.0,978.0,825.0,90,37.231704,0.5800604229607251,4.499809670330265,3
349.0,0.0,0.0,192.0,0.0,1047.0,806.0,7,18.12632404,0.5501432664756447,1.9459101490553128,2
349.0,0.0,0.0,192.0,0.0,1047.0,806.0,28,32.72253096,0.5501432664756447,3.332204510175204,2
349.0,0.0,0.0,192.0,0.0,1047.0,806.0,90,39.48629052,0.5501432664756447,4.499809670330265,2
349.0,0.0,0.0,192.0,0.0,1047.0,806.0,180,41.05140104,0.5501432664756447,5.19295685089021,2
349.0,0.0,0.0,192.0,0.0,1047.0,806.0,360,42.1269836,0.5501432664756447,5.886104031450156,2
302.0,0.0,0.0,203.0,0.0,974.0,817.0,14,18.12632404,0.6721854304635762,2.6390573296152584,4
302.0,0.0,0.0,203.0,0.0,974.0,817.0,180,26.74477404,0.6721854304635762,5.19295685089021,4
525.0,0.0,0.0,189.0,0.0,1125.0,613.0,180,61.92183956,0.36,5.19295685089021,0
500.0,0.0,0.0,200.0,0.0,1125.0,613.0,90,47.22221124,0.4,4.499809670330265,0
500.0,0.0,0.0,200.0,0.0,1125.0,613.0,180,51.04190828,0.4,5.19295685089021,0
500.0,0.0,0.0,200.0,0.0,1125.0,613.0,270,55.15808,0.4,5.598421958998375,0
540.0,0.0,0.0,173.0,0.0,1125.0,613.0,3,41.63745564,0.3203703703703703,1.0986122886681098,0
252.0,0.0,0.0,185.0,0.0,1111.0,784.0,7,13.71367764,0.7341269841269841,1.9459101490553128,5
252.0,0.0,0.0,185.0,0.0,1111.0,784.0,28,19.69143456,0.7341269841269841,3.332204510175204,5
339.0,0.0,0.0,185.0,0.0,1060.0,754.0,28,31.6469484,0.5457227138643068,3.332204510175204,2
393.0,0.0,0.0,192.0,0.0,940.0,758.0,3,19.10537996,0.4885496183206106,1.0986122886681098,2
393.0,0.0,0.0,192.0,0.0,940.0,758.0,28,39.58281716,0.4885496183206106,3.332204510175204,2
393.0,0.0,0.0,192.0,0.0,940.0,758.0,90,48.79421652,0.4885496183206106,4.499809670330265,2
382.0,0.0,0.0,185.0,0.0,1047.0,739.0,7,24.00065956,0.4842931937172774,1.9459101490553128,2
382.0,0.0,0.0,185.0,0.0,1047.0,739.0,28,37.42475728,0.4842931937172774,3.332204510175204,2
252.0,0.0,0.0,186.0,0.0,1111.0,784.0,7,11.46598588,0.7380952380952381,1.9459101490553128,5
252.0,0.0,0.0,185.0,0.0,1111.0,784.0,28,19.69143456,0.7341269841269841,3.332204510175204,5
310.0,0.0,0.0,192.0,0.0,970.0,850.0,7,14.98920824,0.6193548387096774,1.9459101490553128,4
310.0,0.0,0.0,192.0,0.0,970.0,850.0,28,27.923778,0.6193548387096774,3.332204510175204,4
310.0,0.0,0.0,192.0,0.0,970.0,850.0,90,34.6806428,0.6193548387096774,4.499809670330265,4
310.0,0.0,0.0,192.0,0.0,970.0,850.0,180,37.32823064,0.6193548387096774,5.19295685089021,4
310.0,0.0,0.0,192.0,0.0,970.0,850.0,360,38.11423328,0.6193548387096774,5.886104031450156,4
525.0,0.0,0.0,189.0,0.0,1125.0,613.0,3,33.79811352,0.36,1.0986122886681098,0
525.0,0.0,0.0,189.0,0.0,1125.0,613.0,7,42.42345828,0.36,1.9459101490553128,0
525.0,0.0,0.0,189.0,0.0,1125.0,613.0,14,48.4012152,0.36,2.6390573296152584,0
525.0,0.0,0.0,189.0,0.0,1125.0,613.0,28,55.94408264,0.36,3.332204510175204,0
525.0,0.0,0.0,189.0,0.0,1125.0,613.0,90,58.78472376,0.36,4.499809670330265,0
525.0,0.0,0.0,189.0,0.0,1125.0,613.0,270,67.11359384,0.36,5.598421958998375,0
322.0,0.0,0.0,203.0,0.0,974.0,800.0,14,20.77391188,0.6304347826086957,2.6390573296152584,4
322.0,0.0,0.0,203.0,0.0,974.0,800.0,28,25.17966352,0.6304347826086957,3.332204510175204,4
322.0,0.0,0.0,203.0,0.0,974.0,800.0,180,29.58541516,0.6304347826086957,5.19295685089021,4
302.0,0.0,0.0,203.0,0.0,974.0,817.0,28,21.7529678,0.6721854304635762,3.332204510175204,4
397.0,0.0,0.0,185.0,0.0,1040.0,734.0,28,39.0932892,0.4659949622166247,3.332204510175204,1
480.0,0.0,0.0,192.0,0.0,936.0,721.0,3,24.39366088,0.4,1.0986122886681098,0
522.0,0.0,0.0,146.0,0.0,896.0,896.0,7,50.51101176,0.2796934865900383,1.9459101490553128,0
522.0,0.0,0.0,146.0,0.0,896.0,896.0,28,74.98740975999999,0.2796934865900383,3.332204510175204,0
273.0,105.0,82.0,210.0,9.0,904.0,680.0,28,37.16965116,0.7692307692307693,3.332204510175204,6
162.0,190.0,148.0,179.0,19.0,838.0,741.0,28,33.75674496,1.1049382716049383,3.332204510175204,8
154.0,144.0,112.0,220.0,10.0,923.0,658.0,28,16.49916068,1.4285714285714286,3.332204510175204,9
147.0,115.0,89.0,202.0,9.0,860.0,829.0,28,19.98790924,1.3741496598639455,3.332204510175204,9
152.0,178.0,139.0,168.0,18.0,944.0,695.0,28,36.34917472,1.105263157894737,3.332204510175204,8
310.0,143.0,111.0,168.0,22.0,914.0,651.0,28,33.68779736,0.5419354838709678,3.332204510175204,2
144.0,0.0,175.0,158.0,18.0,943.0,844.0,28,15.41668336,1.0972222222222223,3.332204510175204,8
304.0,140.0,0.0,214.0,6.0,895.0,722.0,28,33.41890172,0.7039473684210527,3.332204510175204,5
374.0,0.0,0.0,190.0,7.0,1013.0,730.0,28,39.05192064,0.5080213903743316,3.332204510175204,2
159.0,149.0,116.0,175.0,15.0,953.0,720.0,28,27.67556664,1.10062893081761,3.332204510175204,8
153.0,239.0,0.0,200.0,6.0,1002.0,684.0,28,26.8550902,1.30718954248366,3.332204510175204,9
310.0,143.0,0.0,168.0,10.0,914.0,804.0,28,45.2985732,0.5419354838709678,3.332204510175204,2
305.0,0.0,100.0,196.0,10.0,959.0,705.0,28,30.12320644,0.6426229508196721,3.332204510175204,4
151.0,0.0,184.0,167.0,12.0,991.0,772.0,28,15.56836808,1.1059602649006623,3.332204510175204,8
142.0,167.0,130.0,174.0,11.0,883.0,785.0,28,44.6090972,1.2253521126760565,3.332204510175204,9
298.0,137.0,107.0,201.0,6.0,878.0,655.0,28,53.52402188,0.674496644295302,3.332204510175204,4
321.0,164.0,0.0,190.0,5.0,870.0,774.0,28,57.21271848,0.5919003115264797,3.332204510175204,3
366.0,187.0,0.0,191.0,7.0,824.0,757.0,28,65.90701084,0.5218579234972678,3.332204510175204,2
280.0,129.0,100.0,172.0,9.0,825.0,805.0,28,52.82075636,0.6142857142857143,3.332204510175204,4
252.0,97.0,76.0,194.0,8.0,835.0,821.0,28,33.39821744,0.7698412698412699,3.332204510175204,6
165.0,0.0,150.0,182.0,12.0,1023.0,729.0,28,18.0297974,1.103030303030303,3.332204510175204,8
156.0,243.0,0.0,180.0,11.0,1022.0,698.0,28,37.36270444,1.1538461538461535,3.332204510175204,8
160.0,188.0,146.0,203.0,11.0,829.0,710.0,28,32.83974188,1.26875,3.332204510175204,9
298.0,0.0,107.0,186.0,6.0,879.0,815.0,28,42.63719584,0.6241610738255033,3.332204510175204,4
318.0,0.0,126.0,210.0,6.0,861.0,737.0,28,40.0585556,0.660377358490566,3.332204510175204,4
287.0,121.0,94.0,188.0,9.0,904.0,696.0,28,41.94082508,0.6550522648083623,3.332204510175204,4
326.0,166.0,0.0,174.0,9.0,882.0,790.0,28,61.23236356,0.5337423312883436,3.332204510175204,2
356.0,0.0,142.0,193.0,11.0,801.0,778.0,28,40.86524252,0.5421348314606742,3.332204510175204,2
132.0,207.0,161.0,179.0,5.0,867.0,736.0,28,33.3016908,1.356060606060606,3.332204510175204,9
322.0,149.0,0.0,186.0,8.0,951.0,709.0,28,52.42086028,0.577639751552795,3.332204510175204,3
164.0,0.0,200.0,181.0,13.0,849.0,846.0,28,15.08573488,1.103658536585366,3.332204510175204,8
314.0,0.0,113.0,170.0,10.0,925.0,783.0,28,38.45897128,0.5414012738853503,3.332204510175204,2
321.0,0.0,128.0,182.0,11.0,870.0,780.0,28,37.25928304,0.5669781931464174,3.332204510175204,2
140.0,164.0,128.0,237.0,6.0,869.0,656.0,28,35.22532884,1.6928571428571428,3.332204510175204,9
288.0,121.0,0.0,177.0,7.0,908.0,829.0,28,42.13387836,0.6145833333333334,3.332204510175204,4
298.0,0.0,107.0,210.0,11.0,880.0,744.0,28,31.87447548,0.7046979865771812,3.332204510175204,5
265.0,111.0,86.0,195.0,6.0,833.0,790.0,28,41.540929,0.7358490566037735,3.332204510175204,5
160.0,250.0,0.0,168.0,12.0,1049.0,688.0,28,39.45181672,1.05,3.332204510175204,8
166.0,260.0,0.0,183.0,13.0,859.0,827.0,28,37.91428524,1.1024096385542168,3.332204510175204,8
276.0,116.0,90.0,180.0,9.0,870.0,768.0,28,44.27814872,0.6521739130434783,3.332204510175204,4
322.0,0.0,116.0,196.0,10.0,818.0,813.0,28,31.17810472,0.6086956521739131,3.332204510175204,4
149.0,139.0,109.0,193.0,6.0,892.0,780.0,28,23.69039536,1.2953020134228188,3.332204510175204,9
159.0,187.0,0.0,176.0,11.0,990.0,789.0,28,32.763899519999995,1.106918238993711,3.332204510175204,8
261.0,100.0,78.0,201.0,9.0,864.0,761.0,28,32.39847724,0.7701149425287356,3.332204510175204,6
237.0,92.0,71.0,247.0,6.0,853.0,695.0,28,28.62704352,1.042194092827004,3.332204510175204,8
313.0,0.0,113.0,178.0,8.0,1002.0,689.0,28,36.80422888,0.5686900958466453,3.332204510175204,2
155.0,183.0,0.0,193.0,9.0,1047.0,697.0,28,18.28490352,1.2451612903225806,3.332204510175204,9
146.0,230.0,0.0,202.0,3.0,827.0,872.0,28,33.0603742,1.3835616438356164,3.332204510175204,9
296.0,0.0,107.0,221.0,11.0,819.0,778.0,28,31.41942132,0.7466216216216216,3.332204510175204,5
133.0,210.0,0.0,196.0,3.0,949.0,795.0,28,31.02642,1.4736842105263157,3.332204510175204,9
313.0,145.0,0.0,178.0,8.0,867.0,824.0,28,44.38846488,0.5686900958466453,3.332204510175204,2
152.0,0.0,112.0,184.0,8.0,992.0,816.0,28,12.17614616,1.2105263157894737,3.332204510175204,8
153.0,145.0,113.0,178.0,8.0,1002.0,689.0,28,25.55887532,1.1633986928104576,3.332204510175204,8
140.0,133.0,103.0,200.0,7.0,916.0,753.0,28,36.4388066,1.4285714285714286,3.332204510175204,9
149.0,236.0,0.0,176.0,13.0,847.0,893.0,28,32.9569528,1.1812080536912752,3.332204510175204,8
300.0,0.0,120.0,212.0,10.0,878.0,728.0,28,23.83518532,0.7066666666666667,3.332204510175204,5
153.0,145.0,113.0,178.0,8.0,867.0,824.0,28,26.22766704,1.1633986928104576,3.332204510175204,8
148.0,0.0,137.0,158.0,16.0,1002.0,830.0,28,17.95395504,1.0675675675675675,3.332204510175204,8
326.0,0.0,138.0,199.0,11.0,801.0,792.0,28,40.679084,0.6104294478527608,3.332204510175204,4
153.0,145.0,0.0,178.0,8.0,1000.0,822.0,28,19.00885332,1.1633986928104576,3.332204510175204,8
262.0,111.0,86.0,195.0,5.0,895.0,733.0,28,33.7153764,0.7442748091603053,3.332204510175204,5
158.0,0.0,195.0,220.0,11.0,898.0,713.0,28,8.53571288,1.3924050632911391,3.332204510175204,9
151.0,0.0,185.0,167.0,16.0,1074.0,678.0,28,13.45857152,1.1059602649006623,3.332204510175204,8
273.0,0.0,90.0,199.0,11.0,931.0,762.0,28,32.23989776,0.7289377289377289,3.332204510175204,5
149.0,118.0,92.0,183.0,7.0,953.0,780.0,28,23.51802636,1.2281879194630871,3.332204510175204,9
143.0,169.0,143.0,191.0,8.0,967.0,643.0,28,29.72331036,1.3356643356643356,3.332204510175204,9
260.0,101.0,78.0,171.0,10.0,936.0,763.0,28,49.77327244,0.6576923076923077,3.332204510175204,4
313.0,161.0,0.0,178.0,10.0,917.0,759.0,28,52.44154456,0.5686900958466453,3.332204510175204,2
284.0,120.0,0.0,168.0,7.0,970.0,794.0,28,40.93419012,0.5915492957746479,3.332204510175204,3
336.0,0.0,0.0,182.0,3.0,986.0,817.0,28,44.86420332,0.5416666666666666,3.332204510175204,2
145.0,0.0,134.0,181.0,11.0,979.0,812.0,28,13.19657064,1.2482758620689656,3.332204510175204,9
150.0,237.0,0.0,174.0,12.0,1069.0,675.0,28,37.43165204,1.16,3.332204510175204,8
144.0,170.0,133.0,192.0,8.0,814.0,805.0,28,29.86810032,1.3333333333333333,3.332204510175204,9
331.0,170.0,0.0,195.0,8.0,811.0,802.0,28,56.61287436,0.5891238670694864,3.332204510175204,3
155.0,0.0,143.0,193.0,9.0,1047.0,697.0,28,12.45883132,1.2451612903225806,3.332204510175204,9
155.0,183.0,0.0,193.0,9.0,877.0,868.0,28,23.786922,1.2451612903225806,3.332204510175204,9
135.0,0.0,166.0,180.0,10.0,961.0,805.0,28,13.29309728,1.3333333333333333,3.332204510175204,9
266.0,112.0,87.0,178.0,10.0,910.0,745.0,28,39.41734292,0.6691729323308271,3.332204510175204,4
314.0,145.0,113.0,179.0,8.0,869.0,690.0,28,46.2293658,0.5700636942675159,3.332204510175204,3
313.0,145.0,0.0,127.0,8.0,1000.0,822.0,28,44.51946532,0.4057507987220447,3.332204510175204,1
146.0,173.0,0.0,182.0,3.0,986.0,817.0,28,23.73865868,1.2465753424657535,3.332204510175204,9
144.0,136.0,106.0,178.0,7.0,941.0,774.0,28,26.14492992,1.2361111111111112,3.332204510175204,9
148.0,0.0,182.0,181.0,15.0,839.0,884.0,28,15.52010476,1.222972972972973,3.332204510175204,9
277.0,117.0,91.0,191.0,7.0,946.0,666.0,28,43.5748832,0.6895306859205776,3.332204510175204,5
298.0,0.0,107.0,164.0,13.0,953.0,784.0,28,35.85964676,0.5503355704697986,3.332204510175204,2
313.0,145.0,0.0,178.0,8.0,1002.0,689.0,28,41.05140104,0.5686900958466453,3.332204510175204,2
155.0,184.0,143.0,194.0,9.0,880.0,699.0,28,28.98557104,1.2516129032258063,3.332204510175204,9
289.0,134.0,0.0,195.0,6.0,924.0,760.0,28,46.24315532,0.6747404844290658,3.332204510175204,4
148.0,175.0,0.0,171.0,2.0,1000.0,828.0,28,26.91714304,1.1554054054054057,3.332204510175204,8
145.0,0.0,179.0,202.0,8.0,824.0,869.0,28,10.53519328,1.393103448275862,3.332204510175204,9
313.0,0.0,0.0,178.0,8.0,1000.0,822.0,28,25.0969264,0.5686900958466453,3.332204510175204,2
136.0,162.0,126.0,172.0,10.0,923.0,764.0,28,29.06830816,1.2647058823529411,3.332204510175204,9
155.0,0.0,143.0,193.0,9.0,877.0,868.0,28,9.73540112,1.2451612903225806,3.332204510175204,9
255.0,99.0,77.0,189.0,6.0,919.0,749.0,28,33.79811352,0.7411764705882353,3.332204510175204,5
162.0,207.0,172.0,216.0,10.0,822.0,638.0,28,39.84481804,1.3333333333333333,3.332204510175204,9
136.0,196.0,98.0,199.0,6.0,847.0,783.0,28,26.96540636,1.463235294117647,3.332204510175204,9
164.0,163.0,128.0,197.0,8.0,961.0,641.0,28,27.234302,1.201219512195122,3.332204510175204,8
162.0,214.0,164.0,202.0,10.0,820.0,680.0,28,30.6472082,1.2469135802469136,3.332204510175204,9
157.0,214.0,152.0,200.0,9.0,819.0,704.0,28,33.05347944,1.2738853503184713,3.332204510175204,9
149.0,153.0,194.0,192.0,8.0,935.0,623.0,28,24.5798194,1.2885906040268456,3.332204510175204,9
135.0,105.0,193.0,196.0,6.0,965.0,643.0,28,21.91154728,1.451851851851852,3.332204510175204,9
159.0,209.0,161.0,201.0,7.0,848.0,669.0,28,30.88163004,1.2641509433962264,3.332204510175204,9
144.0,15.0,195.0,176.0,6.0,1021.0,709.0,28,15.340841,1.2222222222222223,3.332204510175204,8
154.0,174.0,185.0,228.0,7.0,845.0,612.0,28,24.3385028,1.4805194805194806,3.332204510175204,9
167.0,187.0,195.0,185.0,7.0,898.0,636.0,28,23.8903434,1.1077844311377243,3.332204510175204,8
184.0,86.0,190.0,213.0,6.0,923.0,623.0,28,22.93197176,1.1576086956521738,3.332204510175204,8
156.0,178.0,187.0,221.0,7.0,854.0,614.0,28,29.41304616,1.4166666666666667,3.332204510175204,9
236.9,91.7,71.5,246.9,6.0,852.9,695.4,28,28.629801424,1.0422119037568591,3.332204510175204,8
313.3,0.0,113.0,178.5,8.0,1001.9,688.7,28,36.804918356,0.5697414618576444,3.332204510175204,3
154.8,183.4,0.0,193.3,9.1,1047.4,696.7,28,18.287661424,1.2487080103359174,3.332204510175204,9
145.9,230.5,0.0,202.5,3.4,827.0,871.8,28,32.720462532,1.3879369431117203,3.332204510175204,9
296.0,0.0,106.7,221.4,10.5,819.2,778.4,28,31.420110796000003,0.7479729729729729,3.332204510175204,5
133.1,210.2,0.0,195.7,3.1,949.4,795.3,28,28.937997196,1.4703230653643875,3.332204510175204,9
313.3,145.0,0.0,178.5,8.0,867.2,824.0,28,40.925226932,0.5697414618576444,3.332204510175204,3
151.6,0.0,111.9,184.4,7.9,992.0,815.9,28,12.180972492,1.216358839050132,3.332204510175204,8
153.1,145.0,113.0,178.5,8.0,1001.9,688.7,28,25.559564796,1.1659046374918354,3.332204510175204,8
139.9,132.6,103.3,200.3,7.4,916.0,753.4,28,36.443632932,1.4317369549678345,3.332204510175204,9
149.5,236.0,0.0,175.8,12.6,846.8,892.7,28,32.96384756,1.1759197324414716,3.332204510175204,8
299.8,0.0,119.8,211.5,9.9,878.2,727.6,28,23.835874796,0.7054703135423616,3.332204510175204,5
153.1,145.0,113.0,178.5,8.0,867.2,824.0,28,26.233182848,1.1659046374918354,3.332204510175204,8
148.1,0.0,136.6,158.1,16.1,1001.8,830.1,28,17.959470848000002,1.0675219446320054,3.332204510175204,8
326.5,0.0,137.9,199.0,10.8,801.1,792.5,28,38.630650804,0.6094946401225115,3.332204510175204,4
152.7,144.7,0.0,178.1,8.0,999.7,822.2,28,19.009542796,1.16633922724296,3.332204510175204,8
261.9,110.5,86.1,195.4,5.0,895.2,732.6,28,33.71882378,0.7460862924780451,3.332204510175204,5
158.4,0.0,194.9,219.7,11.0,897.7,712.9,28,8.536402356,1.3869949494949494,3.332204510175204,9
150.7,0.0,185.3,166.7,15.6,1074.5,678.0,28,13.461329424,1.106171201061712,3.332204510175204,8
272.6,0.0,89.6,198.7,10.6,931.3,762.2,28,32.245413568000004,0.7289068231841525,3.332204510175204,5
149.0,117.6,91.7,182.9,7.1,953.4,780.3,28,23.524231644,1.22751677852349,3.332204510175204,9
143.0,169.4,142.7,190.7,8.4,967.4,643.5,28,29.726068263999995,1.3335664335664337,3.332204510175204,9
259.9,100.6,78.4,170.6,10.4,935.7,762.9,28,49.77327244,0.6564063101192766,3.332204510175204,4
312.9,160.5,0.0,177.6,9.6,916.6,759.5,28,52.446370892,0.5675934803451582,3.332204510175204,2
284.0,119.7,0.0,168.3,7.2,970.4,794.2,28,40.934879596,0.592605633802817,3.332204510175204,3
336.5,0.0,0.0,181.9,3.4,985.8,816.8,28,44.868340176,0.5405646359583952,3.332204510175204,2
144.8,0.0,133.6,180.8,11.1,979.5,811.5,28,13.202086448,1.2486187845303869,3.332204510175204,9
150.0,236.8,0.0,173.8,11.9,1069.3,674.8,28,37.43165204,1.1586666666666667,3.332204510175204,8
143.7,170.2,132.6,191.6,8.5,814.1,805.3,28,29.870858224,1.3333333333333337,3.332204510175204,9
330.5,169.6,0.0,194.9,8.1,811.0,802.3,28,56.619079644,0.5897125567322239,3.332204510175204,3
154.8,0.0,142.8,193.3,9.1,1047.4,696.7,28,12.459520796,1.2487080103359174,3.332204510175204,9
154.8,183.4,0.0,193.3,9.1,877.2,867.7,28,23.786922,1.2487080103359174,3.332204510175204,9
134.7,0.0,165.7,180.2,10.0,961.0,804.9,28,13.293786756,1.3377876763177432,3.332204510175204,9
266.2,112.3,87.5,177.9,10.4,909.7,744.5,28,39.421479776,0.6682945154019535,3.332204510175204,4
314.0,145.3,113.2,178.9,8.0,869.1,690.2,28,46.234192132,0.5697452229299363,3.332204510175204,3
312.7,144.7,0.0,127.3,8.0,999.7,822.2,28,44.523602176,0.4070994563479373,3.332204510175204,1
145.7,172.6,0.0,181.9,3.4,985.8,816.8,28,23.744174488,1.2484557309540152,3.332204510175204,9
143.8,136.3,106.2,178.1,7.5,941.5,774.3,28,26.147687824,1.2385257301808066,3.332204510175204,9
148.1,0.0,182.1,181.4,15.0,838.9,884.3,28,15.526310044,1.224848075624578,3.332204510175204,9
277.0,116.8,91.0,190.6,7.0,946.5,665.6,28,43.57833058,0.688086642599278,3.332204510175204,5
298.1,0.0,107.5,163.6,12.8,953.2,784.0,28,35.86585204399999,0.5488091244548808,3.332204510175204,2
313.3,145.0,0.0,178.5,8.0,1001.9,688.7,28,41.053469468,0.5697414618576444,3.332204510175204,3
155.2,183.9,143.2,193.8,9.2,879.6,698.5,28,28.991086848,1.2487113402061858,3.332204510175204,9
289.0,133.7,0.0,194.9,5.5,924.1,760.1,28,46.247292176,0.6743944636678201,3.332204510175204,4
147.8,175.1,0.0,171.2,2.2,1000.0,828.5,28,26.922658848,1.1583220568335586,3.332204510175204,8
145.4,0.0,178.9,201.7,7.8,824.0,868.7,28,10.535882756,1.3872077028885832,3.332204510175204,9
312.7,0.0,0.0,178.1,8.0,999.7,822.2,28,25.10382116,0.5695554844899264,3.332204510175204,3
136.4,161.6,125.8,171.6,10.4,922.6,764.4,28,29.073134492,1.2580645161290325,3.332204510175204,9
154.8,0.0,142.8,193.3,9.1,877.2,867.7,28,9.738159024,1.2487080103359174,3.332204510175204,9
255.3,98.8,77.0,188.6,6.5,919.0,749.3,28,33.798802996,0.7387387387387386,3.332204510175204,5
272.8,105.1,81.8,209.7,9.0,904.0,679.7,28,37.171030112,0.7686950146627565,3.332204510175204,6
162.0,190.1,148.1,178.8,18.8,838.1,741.4,28,33.762260768,1.103703703703704,3.332204510175204,8
153.6,144.2,112.3,220.1,10.1,923.2,657.9,28,16.503987012,1.4329427083333333,3.332204510175204,9
146.5,114.6,89.3,201.9,8.8,860.0,829.5,28,19.98790924,1.3781569965870308,3.332204510175204,9
151.8,178.1,138.7,167.5,18.3,944.0,694.6,28,36.349864196,1.103425559947299,3.332204510175204,8
309.9,142.8,111.2,167.8,22.1,913.9,651.2,28,38.215586252,0.5414649887060343,3.332204510175204,2
143.6,0.0,174.9,158.4,17.9,942.7,844.5,28,15.42357812,1.1030640668523677,3.332204510175204,8
303.6,139.9,0.0,213.5,6.2,895.5,722.5,28,33.419591196,0.703227931488801,3.332204510175204,5
374.3,0.0,0.0,190.2,6.7,1013.2,730.4,28,39.056057496,0.5081485439487042,3.332204510175204,2
158.6,148.9,116.0,175.1,15.0,953.3,719.7,28,27.681082448,1.1040353089533417,3.332204510175204,8
152.6,238.7,0.0,200.0,6.3,1001.8,683.9,28,26.859916532,1.3106159895150722,3.332204510175204,9
310.0,142.8,0.0,167.9,10.0,914.3,804.0,28,45.304778484,0.5416129032258065,3.332204510175204,2
304.8,0.0,99.6,196.0,9.8,959.4,705.2,28,30.12320644,0.6430446194225722,3.332204510175204,4
150.9,0.0,183.9,166.6,11.6,991.2,772.2,28,15.569747032,1.1040424121935055,3.332204510175204,8
141.9,166.6,129.7,173.5,10.9,882.6,785.3,28,44.61185510399999,1.222692036645525,3.332204510175204,8
297.8,137.2,106.9,201.3,6.0,878.4,655.3,28,53.524711356,0.6759570181329752,3.332204510175204,5
321.3,164.2,0.0,190.5,4.6,870.0,774.0,28,57.21823428799999,0.5929038281979458,3.332204510175204,3
366.0,187.0,0.0,191.3,6.6,824.3,756.9,28,65.909079268,0.5226775956284153,3.332204510175204,2
279.8,128.9,100.4,172.4,9.5,825.1,804.9,28,52.826961644,0.6161543959971408,3.332204510175204,4
252.1,97.1,75.6,193.8,8.3,835.5,821.4,28,33.399596392,0.7687425624752083,3.332204510175204,6
164.6,0.0,150.4,181.6,11.7,1023.3,728.9,28,18.033934256,1.103280680437424,3.332204510175204,8
155.6,243.5,0.0,180.3,10.7,1022.0,697.7,28,37.363393916,1.1587403598971724,3.332204510175204,8
160.2,188.0,146.4,203.2,11.3,828.7,709.7,28,35.314271244,1.268414481897628,3.332204510175204,9
298.1,0.0,107.0,186.4,6.1,879.0,815.2,28,42.6440906,0.6252935256625293,3.332204510175204,4
317.9,0.0,126.5,209.7,5.7,860.5,736.6,28,40.06200298,0.6596413966656182,3.332204510175204,4
287.3,120.5,93.9,187.6,9.2,904.4,695.9,28,43.798273424,0.6529759832927253,3.332204510175204,4
325.6,166.4,0.0,174.0,8.9,881.6,790.0,28,61.23581094,0.5343980343980343,3.332204510175204,2
355.9,0.0,141.6,193.3,11.0,801.4,778.4,28,40.8686899,0.543130092722675,3.332204510175204,2
132.0,206.5,160.9,178.9,5.5,866.9,735.6,28,33.306517132,1.3553030303030305,3.332204510175204,9
322.5,148.6,0.0,185.8,8.5,951.0,709.5,28,52.426376088,0.576124031007752,3.332204510175204,3
164.2,0.0,200.1,181.2,12.6,849.3,846.0,28,15.091250688,1.1035322777101095,3.332204510175204,8
313.8,0.0,112.6,169.9,10.1,925.3,782.9,28,38.461039708,0.541427660930529,3.332204510175204,2
321.4,0.0,127.9,182.5,11.5,870.1,779.7,28,37.265488324,0.5678282514001245,3.332204510175204,2
139.7,163.9,127.7,236.7,5.8,868.6,655.6,28,35.22532884,1.6943450250536864,3.332204510175204,9
288.4,121.0,0.0,177.4,7.0,907.9,829.5,28,42.14008364399999,0.615117891816921,3.332204510175204,4
298.2,0.0,107.0,209.7,11.1,879.6,744.2,28,31.875164956000003,0.7032193158953722,3.332204510175204,5
264.5,111.0,86.5,195.5,5.9,832.6,790.4,28,41.542307952,0.7391304347826086,3.332204510175204,5
159.8,250.0,0.0,168.4,12.2,1049.3,688.2,28,39.455953576,1.053817271589487,3.332204510175204,8
166.0,259.7,0.0,183.2,12.7,858.8,826.8,28,37.917043144,1.1036144578313252,3.332204510175204,8
276.4,116.0,90.3,179.6,8.9,870.1,768.3,28,44.284354004,0.6497829232995659,3.332204510175204,4
322.2,0.0,115.6,196.0,10.4,817.9,813.4,28,31.178794196,0.6083178150217257,3.332204510175204,4
148.5,139.4,108.6,192.7,6.1,892.4,780.0,28,23.696600644,1.2976430976430977,3.332204510175204,9
159.1,186.7,0.0,175.6,11.3,989.6,788.9,28,32.768036376000005,1.103708359522313,3.332204510175204,8
260.9,100.5,78.3,200.6,8.6,864.5,761.5,28,32.401235144,0.7688769643541588,3.332204510175204,6
